Well,SampleName,Trib,Species,Method,Year,Number,PlateName,PlateBarcodeName,PlateBarcodeSeq,SampleBarcode,Reads,Filtered,Coverage,Path
A2,PC_CHN_RST_2021_43,PC,CHN,RST,2021,43,PUT018rad,NEBNext 35,CATTTT,AAACATCG,246466,107003,0.00657306,data/split/PC_CHN_RST_2021_43.sort.flt.bam
H4,PC_CHN_RST_2021_414,PC,CHN,RST,2021,414,PUT018rad,NEBNext 35,CATTTT,CCTCTATC,271153,118079,0.0073652,data/split/PC_CHN_RST_2021_414.sort.flt.bam
A5,PC_CHN_RST_2021_419,PC,CHN,RST,2021,419,PUT018rad,NEBNext 35,CATTTT,AACGTGAT,344952,155021,0.00962334,data/split/PC_CHN_RST_2021_419.sort.flt.bam
H5,PC_CHN_RST_2021_509,PC,CHN,RST,2021,509,PUT018rad,NEBNext 35,CATTTT,CGACACAC,248818,105562,0.00661051,data/split/PC_CHN_RST_2021_509.sort.flt.bam
A6,PC_CHN_RST_2021_514,PC,CHN,RST,2021,514,PUT018rad,NEBNext 35,CATTTT,CGCTGATC,591272,256503,0.0158576,data/split/PC_CHN_RST_2021_514.sort.flt.bam
A7,PC_CHN_RST_2021_703,PC,CHN,RST,2021,703,PUT018rad,NEBNext 35,CATTTT,CAGATCTG,355130,156149,0.00971939,data/split/PC_CHN_RST_2021_703.sort.flt.bam
H7,PC_CHN_RST_2021_818,PC,CHN,RST,2021,818,PUT018rad,NEBNext 35,CATTTT,CTAAGGTC,241883,107224,0.00645122,data/split/PC_CHN_RST_2021_818.sort.flt.bam
H8,PC_CHN_RST_2021_858,PC,CHN,RST,2021,858,PUT018rad,NEBNext 35,CATTTT,GAACAGGC,255602,109991,0.00686803,data/split/PC_CHN_RST_2021_858.sort.flt.bam
A1,PC_CHN_RST_2018_404,PC,CHN,RST,2018,404,PUT019rad,NEBNext 36,CCAACA,ACAAGCTA,225768,117771,0.00726883,data/split/PC_CHN_RST_2018_404.sort.flt.bam
A5,PC_CHN_RST_2018_710,PC,CHN,RST,2018,710,PUT019rad,NEBNext 36,CCAACA,AACGTGAT,392519,204117,0.0126052,data/split/PC_CHN_RST_2018_710.sort.flt.bam
H5,PC_CHN_RST_2018_773,PC,CHN,RST,2018,773,PUT019rad,NEBNext 36,CCAACA,CGACACAC,202645,105425,0.00652777,data/split/PC_CHN_RST_2018_773.sort.flt.bam
A6,PC_CHN_RST_2018_782,PC,CHN,RST,2018,782,PUT019rad,NEBNext 36,CCAACA,CGCTGATC,709618,374809,0.0228917,data/split/PC_CHN_RST_2018_782.sort.flt.bam
H6,PC_CHN_RST_2018_845,PC,CHN,RST,2018,845,PUT019rad,NEBNext 36,CCAACA,CGGATTGC,202075,104826,0.00650994,data/split/PC_CHN_RST_2018_845.sort.flt.bam
A7,PC_CHN_RST_2018_854,PC,CHN,RST,2018,854,PUT019rad,NEBNext 36,CCAACA,CAGATCTG,445474,233589,0.0144088,data/split/PC_CHN_RST_2018_854.sort.flt.bam
H7,PC_CHN_RST_2018_917,PC,CHN,RST,2018,917,PUT019rad,NEBNext 36,CCAACA,CTAAGGTC,382621,195779,0.0120773,data/split/PC_CHN_RST_2018_917.sort.flt.bam
H8,PC_CHN_RST_2018_2023,PC,CHN,RST,2018,2023,PUT019rad,NEBNext 36,CCAACA,GAACAGGC,217363,113029,0.00700641,data/split/PC_CHN_RST_2018_2023.sort.flt.bam
A10,PC_CHN_RST_2018_1073,PC,CHN,RST,2018,1073,PUT019rad,NEBNext 36,CCAACA,AGTACAAG,214597,111044,0.00688513,data/split/PC_CHN_RST_2018_1073.sort.flt.bam
F10,PC_CHN_RST_2018_1145,PC,CHN,RST,2018,1145,PUT019rad,NEBNext 36,CCAACA,AAGAGATC,193757,103364,0.00637653,data/split/PC_CHN_RST_2018_1145.sort.flt.bam
H10,PC_CHN_RST_2018_1209,PC,CHN,RST,2018,1209,PUT019rad,NEBNext 36,CCAACA,GAGTTAGC,212257,108196,0.00667854,data/split/PC_CHN_RST_2018_1209.sort.flt.bam
A1,PC_CHN_CS_2021-001,PC,CHN,CS,2021,001,PUT020rad,NEBNext 5,ACAGTG,ACAAGCTA,3029244,305938,0.0186528,data/split/PC_CHN_CS_2021-001.sort.flt.bam
C1,PC_CHN_CS_2017_127D,PC,CHN,CS,2017,127D,PUT020rad,NEBNext 5,ACAGTG,AGATCGCA,2051278,226575,0.0138449,data/split/PC_CHN_CS_2017_127D.sort.flt.bam
G1,PC_CHN_CS_2021-007,PC,CHN,CS,2021,007,PUT020rad,NEBNext 5,ACAGTG,AATGTTGC,910462,103950,0.00584105,data/split/PC_CHN_CS_2021-007.sort.flt.bam
C2,PC_CHN_CS_2017_139B,PC,CHN,CS,2017,139B,PUT020rad,NEBNext 5,ACAGTG,AGCAGGAA,1246234,138964,0.00839162,data/split/PC_CHN_CS_2017_139B.sort.flt.bam
F2,PC_CHN_CS_2017_162A,PC,CHN,CS,2017,162A,PUT020rad,NEBNext 5,ACAGTG,TCCGTCTA,958474,121776,0.00703569,data/split/PC_CHN_CS_2017_162A.sort.flt.bam
A3,PC_CHN_CS_2017_173A,PC,CHN,CS,2017,173A,PUT020rad,NEBNext 5,ACAGTG,ACATTGGC,1549265,192138,0.0114011,data/split/PC_CHN_CS_2017_173A.sort.flt.bam
C3,PC_CHN_CS_2017_130C,PC,CHN,CS,2017,130C,PUT020rad,NEBNext 5,ACAGTG,AGTCACTA,1069510,122926,0.00753843,data/split/PC_CHN_CS_2017_130C.sort.flt.bam
F3,PC_CHN_CS_2017_138C,PC,CHN,CS,2017,138C,PUT020rad,NEBNext 5,ACAGTG,TCTTCACA,1956757,234144,0.0139327,data/split/PC_CHN_CS_2017_138C.sort.flt.bam
G3,PC_CHN_CS_2017_197A,PC,CHN,CS,2017,197A,PUT020rad,NEBNext 5,ACAGTG,ACAGATTC,971535,121492,0.00681463,data/split/PC_CHN_CS_2017_197A.sort.flt.bam
A4,PC_CHN_CS_2017_132D,PC,CHN,CS,2017,132D,PUT020rad,NEBNext 5,ACAGTG,ACCACTGT,1400630,162976,0.00985561,data/split/PC_CHN_CS_2017_132D.sort.flt.bam
C4,PC_CHN_CS_2017_151B,PC,CHN,CS,2017,151B,PUT020rad,NEBNext 5,ACAGTG,ATCCTGTA,1379037,151520,0.00929981,data/split/PC_CHN_CS_2017_151B.sort.flt.bam
F4,PC_CHN_CS_2017_228A,PC,CHN,CS,2017,228A,PUT020rad,NEBNext 5,ACAGTG,TGAAGAGA,1208287,143700,0.00849381,data/split/PC_CHN_CS_2017_228A.sort.flt.bam
H4,PC_CHN_CS_2017_233A,PC,CHN,CS,2017,233A,PUT020rad,NEBNext 5,ACAGTG,CCTCTATC,2255783,259739,0.0157078,data/split/PC_CHN_CS_2017_233A.sort.flt.bam
C5,PC_CHN_CS_2017_235A,PC,CHN,CS,2017,235A,PUT020rad,NEBNext 5,ACAGTG,ATTGAGGA,786541,102244,0.0059864,data/split/PC_CHN_CS_2017_235A.sort.flt.bam
A6,PC_CHN_CS_2017_156C,PC,CHN,CS,2017,156C,PUT020rad,NEBNext 5,ACAGTG,CGCTGATC,5512946,626328,0.0366057,data/split/PC_CHN_CS_2017_156C.sort.flt.bam
C6,PC_CHN_CS_2017_250A,PC,CHN,CS,2017,250A,PUT020rad,NEBNext 5,ACAGTG,CAACCACA,1162555,134836,0.00823223,data/split/PC_CHN_CS_2017_250A.sort.flt.bam
A7,PC_CHN_CS_2017_211A,PC,CHN,CS,2017,211A,PUT020rad,NEBNext 5,ACAGTG,CAGATCTG,2860551,326310,0.0197843,data/split/PC_CHN_CS_2017_211A.sort.flt.bam
H7,PC_CHN_CS_2016_001,PC,CHN,CS,2016,001,PUT020rad,NEBNext 5,ACAGTG,CTAAGGTC,3274493,374649,0.0227404,data/split/PC_CHN_CS_2016_001.sort.flt.bam
H11,PC_CHN_CS_2017_142A,PC,CHN,CS,2017,142A,PUT020rad,NEBNext 5,ACAGTG,GATGAATC,5905604,616180,0.0374429,data/split/PC_CHN_CS_2017_142A.sort.flt.bam
H12,PC_CHN_CS_2017_153A,PC,CHN,CS,2017,153A,PUT020rad,NEBNext 5,ACAGTG,GCCAAGAC,1146372,139005,0.00731608,data/split/PC_CHN_CS_2017_153A.sort.flt.bam
A1,PC_CHN_RST_2021_1530,PC,CHN,RST,2021,1530,PUT021rad,NEBNext 6,GCCAAT,ACAAGCTA,5609778,412247,0.024872,data/split/PC_CHN_RST_2021_1530.sort.flt.bam
B1,PC_CHN_RST_2021_1612,PC,CHN,RST,2021,1612,PUT021rad,NEBNext 6,GCCAAT,AACAACCA,1484884,109264,0.00666408,data/split/PC_CHN_RST_2021_1612.sort.flt.bam
C1,PC_CHN_RST_2021_1617,PC,CHN,RST,2021,1617,PUT021rad,NEBNext 6,GCCAAT,AGATCGCA,2079474,163844,0.00989672,data/split/PC_CHN_RST_2021_1617.sort.flt.bam
F1,PC_CHN_RST_2021_1632,PC,CHN,RST,2021,1632,PUT021rad,NEBNext 6,GCCAAT,TATCAGCA,2236594,166321,0.010118,data/split/PC_CHN_RST_2021_1632.sort.flt.bam
G1,PC_CHN_RST_2021_1721,PC,CHN,RST,2021,1721,PUT021rad,NEBNext 6,GCCAAT,AATGTTGC,3626503,252179,0.015326,data/split/PC_CHN_RST_2021_1721.sort.flt.bam
A2,PC_CHN_RST_2021_1731,PC,CHN,RST,2021,1731,PUT021rad,NEBNext 6,GCCAAT,AAACATCG,4413131,311856,0.0188291,data/split/PC_CHN_RST_2021_1731.sort.flt.bam
C2,PC_CHN_RST_2021_1823,PC,CHN,RST,2021,1823,PUT021rad,NEBNext 6,GCCAAT,AGCAGGAA,3037503,196432,0.0119587,data/split/PC_CHN_RST_2021_1823.sort.flt.bam
F2,PC_CHN_RST_2021_1838,PC,CHN,RST,2021,1838,PUT021rad,NEBNext 6,GCCAAT,TCCGTCTA,2018853,140826,0.0085727,data/split/PC_CHN_RST_2021_1838.sort.flt.bam
G2,PC_CHN_RST_2021_1843,PC,CHN,RST,2021,1843,PUT021rad,NEBNext 6,GCCAAT,ACACTGAC,3016282,219156,0.0132547,data/split/PC_CHN_RST_2021_1843.sort.flt.bam
H2,PC_CHN_RST_2021_1956,PC,CHN,RST,2021,1956,PUT021rad,NEBNext 6,GCCAAT,CCGACAAC,2801820,196836,0.0119215,data/split/PC_CHN_RST_2021_1956.sort.flt.bam
A3,PC_CHN_RST_2021_1961,PC,CHN,RST,2021,1961,PUT021rad,NEBNext 6,GCCAAT,ACATTGGC,3747298,255106,0.0154829,data/split/PC_CHN_RST_2021_1961.sort.flt.bam
C3,PC_CHN_RST_2021_1971,PC,CHN,RST,2021,1971,PUT021rad,NEBNext 6,GCCAAT,AGTCACTA,3836977,260846,0.0157745,data/split/PC_CHN_RST_2021_1971.sort.flt.bam
D3,PC_CHN_RST_2021_2024,PC,CHN,RST,2021,2024,PUT021rad,NEBNext 6,GCCAAT,CCTCCTGA,1774231,125401,0.00768208,data/split/PC_CHN_RST_2021_2024.sort.flt.bam
F3,PC_CHN_RST_2021_2034,PC,CHN,RST,2021,2034,PUT021rad,NEBNext 6,GCCAAT,TCTTCACA,3085263,218273,0.0132748,data/split/PC_CHN_RST_2021_2034.sort.flt.bam
G3,PC_CHN_RST_2021_2039,PC,CHN,RST,2021,2039,PUT021rad,NEBNext 6,GCCAAT,ACAGATTC,5230285,372325,0.022378,data/split/PC_CHN_RST_2021_2039.sort.flt.bam
H3,PC_CHN_RST_2021_2044,PC,CHN,RST,2021,2044,PUT021rad,NEBNext 6,GCCAAT,AGTCAAGC,2371417,165565,0.0100912,data/split/PC_CHN_RST_2021_2044.sort.flt.bam
A4,PC_CHN_RST_2021_2170,PC,CHN,RST,2021,2170,PUT021rad,NEBNext 6,GCCAAT,ACCACTGT,2775944,190941,0.0116419,data/split/PC_CHN_RST_2021_2170.sort.flt.bam
C4,PC_CHN_RST_2021_2180,PC,CHN,RST,2021,2180,PUT021rad,NEBNext 6,GCCAAT,ATCCTGTA,2353150,158154,0.00963763,data/split/PC_CHN_RST_2021_2180.sort.flt.bam
D4,PC_CHN_RST_2021_2185,PC,CHN,RST,2021,2185,PUT021rad,NEBNext 6,GCCAAT,CGAACTTA,2956666,205942,0.0124612,data/split/PC_CHN_RST_2021_2185.sort.flt.bam
F4,PC_CHN_RST_2021_2277,PC,CHN,RST,2021,2277,PUT021rad,NEBNext 6,GCCAAT,TGAAGAGA,2815176,195076,0.011859,data/split/PC_CHN_RST_2021_2277.sort.flt.bam
G4,PC_CHN_RST_2021_2282,PC,CHN,RST,2021,2282,PUT021rad,NEBNext 6,GCCAAT,AGATGTAC,2141069,148085,0.00909282,data/split/PC_CHN_RST_2021_2282.sort.flt.bam
H4,PC_CHN_RST_2021_2287,PC,CHN,RST,2021,2287,PUT021rad,NEBNext 6,GCCAAT,CCTCTATC,7284094,506815,0.0304557,data/split/PC_CHN_RST_2021_2287.sort.flt.bam
A5,PC_CHN_RST_2021_2293,PC,CHN,RST,2021,2293,PUT021rad,NEBNext 6,GCCAAT,AACGTGAT,9554487,642671,0.0385523,data/split/PC_CHN_RST_2021_2293.sort.flt.bam
C5,PC_CHN_RST_2021_2345,PC,CHN,RST,2021,2345,PUT021rad,NEBNext 6,GCCAAT,ATTGAGGA,1474483,117519,0.00699447,data/split/PC_CHN_RST_2021_2345.sort.flt.bam
D5,PC_CHN_RST_2021_2350,PC,CHN,RST,2021,2350,PUT021rad,NEBNext 6,GCCAAT,CGACTGGA,2434082,168935,0.0102679,data/split/PC_CHN_RST_2021_2350.sort.flt.bam
F5,PC_CHN_RST_2021_2360,PC,CHN,RST,2021,2360,PUT021rad,NEBNext 6,GCCAAT,TGGAACAA,1305611,118286,0.00664392,data/split/PC_CHN_RST_2021_2360.sort.flt.bam
G5,PC_CHN_RST_2021_2442,PC,CHN,RST,2021,2442,PUT021rad,NEBNext 6,GCCAAT,AGCACCTC,5212096,368402,0.0216035,data/split/PC_CHN_RST_2021_2442.sort.flt.bam
H5,PC_CHN_RST_2021_2447,PC,CHN,RST,2021,2447,PUT021rad,NEBNext 6,GCCAAT,CGACACAC,4873765,323902,0.0195349,data/split/PC_CHN_RST_2021_2447.sort.flt.bam
A6,PC_CHN_RST_2021_2452,PC,CHN,RST,2021,2452,PUT021rad,NEBNext 6,GCCAAT,CGCTGATC,19599225,1314642,0.0780758,data/split/PC_CHN_RST_2021_2452.sort.flt.bam
C6,PC_CHN_RST_2021_2462,PC,CHN,RST,2021,2462,PUT021rad,NEBNext 6,GCCAAT,CAACCACA,3013449,212610,0.0129268,data/split/PC_CHN_RST_2021_2462.sort.flt.bam
G6,PC_CHN_RST_2021_2558,PC,CHN,RST,2021,2558,PUT021rad,NEBNext 6,GCCAAT,AGCCATGC,3600255,256386,0.0155956,data/split/PC_CHN_RST_2021_2558.sort.flt.bam
H6,PC_CHN_RST_2021_2574,PC,CHN,RST,2021,2574,PUT021rad,NEBNext 6,GCCAAT,CGGATTGC,4477823,316199,0.0191874,data/split/PC_CHN_RST_2021_2574.sort.flt.bam
A7,PC_CHN_RST_2021_2579,PC,CHN,RST,2021,2579,PUT021rad,NEBNext 6,GCCAAT,CAGATCTG,6367859,464903,0.0279444,data/split/PC_CHN_RST_2021_2579.sort.flt.bam
D7,PC_CHN_RST_2021_2596,PC,CHN,RST,2021,2596,PUT021rad,NEBNext 6,GCCAAT,CTCAATGA,1401957,104985,0.00646724,data/split/PC_CHN_RST_2021_2596.sort.flt.bam
G7,PC_CHN_RST_2021_2646,PC,CHN,RST,2021,2646,PUT021rad,NEBNext 6,GCCAAT,AGGCTAAC,1600516,117695,0.00706076,data/split/PC_CHN_RST_2021_2646.sort.flt.bam
H7,PC_CHN_RST_2021_2651,PC,CHN,RST,2021,2651,PUT021rad,NEBNext 6,GCCAAT,CTAAGGTC,6266956,480045,0.0264854,data/split/PC_CHN_RST_2021_2651.sort.flt.bam
A8,PC_CHN_RST_2021_2656,PC,CHN,RST,2021,2656,PUT021rad,NEBNext 6,GCCAAT,ATGCCTAA,1338251,108685,0.00641981,data/split/PC_CHN_RST_2021_2656.sort.flt.bam
C8,PC_CHN_RST_2021_2709,PC,CHN,RST,2021,2709,PUT021rad,NEBNext 6,GCCAAT,CAATGGAA,2028563,149521,0.00903131,data/split/PC_CHN_RST_2021_2709.sort.flt.bam
D8,PC_CHN_RST_2021_2714,PC,CHN,RST,2021,2714,PUT021rad,NEBNext 6,GCCAAT,CTGAGCCA,2940186,205631,0.0123533,data/split/PC_CHN_RST_2021_2714.sort.flt.bam
E8,PC_CHN_RST_2021_2719,PC,CHN,RST,2021,2719,PUT021rad,NEBNext 6,GCCAAT,GTACGCAA,2126895,152180,0.00915504,data/split/PC_CHN_RST_2021_2719.sort.flt.bam
F8,PC_CHN_RST_2021_2724,PC,CHN,RST,2021,2724,PUT021rad,NEBNext 6,GCCAAT,TTCACGCA,3822685,275789,0.0166718,data/split/PC_CHN_RST_2021_2724.sort.flt.bam
G8,PC_CHN_RST_2021_2729,PC,CHN,RST,2021,2729,PUT021rad,NEBNext 6,GCCAAT,ATAGCGAC,1557304,109505,0.00672555,data/split/PC_CHN_RST_2021_2729.sort.flt.bam
H8,PC_CHN_RST_2021_2767,PC,CHN,RST,2021,2767,PUT021rad,NEBNext 6,GCCAAT,GAACAGGC,3511850,267336,0.0154492,data/split/PC_CHN_RST_2021_2767.sort.flt.bam
A9,PC_CHN_RST_2021_2772,PC,CHN,RST,2021,2772,PUT021rad,NEBNext 6,GCCAAT,AACGAACG,1488946,109655,0.00675001,data/split/PC_CHN_RST_2021_2772.sort.flt.bam
C9,PC_CHN_RST_2021_2782,PC,CHN,RST,2021,2782,PUT021rad,NEBNext 6,GCCAAT,CACTTCGA,1369552,106143,0.00623385,data/split/PC_CHN_RST_2021_2782.sort.flt.bam
D9,PC_CHN_RST_2021_2787,PC,CHN,RST,2021,2787,PUT021rad,NEBNext 6,GCCAAT,CTGGCATA,2552841,171275,0.0103746,data/split/PC_CHN_RST_2021_2787.sort.flt.bam
H9,PC_CHN_RST_2021_2883,PC,CHN,RST,2021,2883,PUT021rad,NEBNext 6,GCCAAT,GACAGTGC,1692904,140343,0.00812813,data/split/PC_CHN_RST_2021_2883.sort.flt.bam
A10,PC_CHN_RST_2021_2888,PC,CHN,RST,2021,2888,PUT021rad,NEBNext 6,GCCAAT,AGTACAAG,4240144,341608,0.0182784,data/split/PC_CHN_RST_2021_2888.sort.flt.bam
C10,PC_CHN_RST_2021_2974,PC,CHN,RST,2021,2974,PUT021rad,NEBNext 6,GCCAAT,CAGCGTTA,1834136,129719,0.00790695,data/split/PC_CHN_RST_2021_2974.sort.flt.bam
D10,PC_CHN_RST_2021_2979,PC,CHN,RST,2021,2979,PUT021rad,NEBNext 6,GCCAAT,GAATCTGA,3068401,222738,0.0134843,data/split/PC_CHN_RST_2021_2979.sort.flt.bam
F10,PC_CHN_RST_2021_3073,PC,CHN,RST,2021,3073,PUT021rad,NEBNext 6,GCCAAT,AAGAGATC,4737269,354615,0.0208825,data/split/PC_CHN_RST_2021_3073.sort.flt.bam
G10,PC_CHN_RST_2021_3078,PC,CHN,RST,2021,3078,PUT021rad,NEBNext 6,GCCAAT,ATTGGCTC,1599481,113213,0.0068468,data/split/PC_CHN_RST_2021_3078.sort.flt.bam
H10,PC_CHN_RST_2021_3083,PC,CHN,RST,2021,3083,PUT021rad,NEBNext 6,GCCAAT,GAGTTAGC,4864008,344597,0.0204182,data/split/PC_CHN_RST_2021_3083.sort.flt.bam
A11,PC_CHN_RST_2021_3088,PC,CHN,RST,2021,3088,PUT021rad,NEBNext 6,GCCAAT,CATCAAGT,2718060,189984,0.0115022,data/split/PC_CHN_RST_2021_3088.sort.flt.bam
F11,PC_CHN_RST_2021_4035,PC,CHN,RST,2021,4035,PUT021rad,NEBNext 6,GCCAAT,AAGGACAC,1431662,102598,0.00627826,data/split/PC_CHN_RST_2021_4035.sort.flt.bam
H11,PC_CHN_RST_2021_4121,PC,CHN,RST,2021,4121,PUT021rad,NEBNext 6,GCCAAT,GATGAATC,2672373,236691,0.0134839,data/split/PC_CHN_RST_2021_4121.sort.flt.bam
A12,PC_CHN_RST_2021_4126,PC,CHN,RST,2021,4126,PUT021rad,NEBNext 6,GCCAAT,AGTGGTCA,1925457,131515,0.00806116,data/split/PC_CHN_RST_2021_4126.sort.flt.bam
F12,PC_CHN_RST_2021_4182,PC,CHN,RST,2021,4182,PUT021rad,NEBNext 6,GCCAAT,AATCCGTC,1707641,119116,0.00717687,data/split/PC_CHN_RST_2021_4182.sort.flt.bam
A1,PC_CHN_RST_2021_4273,PC,CHN,RST,2021,4273,PUT022rad,NEBNext 42,TAATCG,ACAAGCTA,4292466,347833,0.0209063,data/split/PC_CHN_RST_2021_4273.sort.flt.bam
B1,PC_CHN_RST_2021_4278,PC,CHN,RST,2021,4278,PUT022rad,NEBNext 42,TAATCG,AACAACCA,1816442,147918,0.00891642,data/split/PC_CHN_RST_2021_4278.sort.flt.bam
C1,PC_CHN_RST_2021_4283,PC,CHN,RST,2021,4283,PUT022rad,NEBNext 42,TAATCG,AGATCGCA,3135490,274376,0.0156855,data/split/PC_CHN_RST_2021_4283.sort.flt.bam
F1,PC_CHN_RST_2021_4298,PC,CHN,RST,2021,4298,PUT022rad,NEBNext 42,TAATCG,TATCAGCA,2259943,180719,0.0110346,data/split/PC_CHN_RST_2021_4298.sort.flt.bam
G1,PC_CHN_RST_2021_4303,PC,CHN,RST,2021,4303,PUT022rad,NEBNext 42,TAATCG,AATGTTGC,3175817,258064,0.0157078,data/split/PC_CHN_RST_2021_4303.sort.flt.bam
H1,PC_CHN_RST_2021_4308,PC,CHN,RST,2021,4308,PUT022rad,NEBNext 42,TAATCG,CCATCCTC,1776195,145546,0.00882041,data/split/PC_CHN_RST_2021_4308.sort.flt.bam
A2,PC_CHN_RST_2021_4313,PC,CHN,RST,2021,4313,PUT022rad,NEBNext 42,TAATCG,AAACATCG,5024799,409636,0.0238776,data/split/PC_CHN_RST_2021_4313.sort.flt.bam
C2,PC_CHN_RST_2021_4323,PC,CHN,RST,2021,4323,PUT022rad,NEBNext 42,TAATCG,AGCAGGAA,3512873,257904,0.0156136,data/split/PC_CHN_RST_2021_4323.sort.flt.bam
F2,PC_CHN_RST_2021_4338,PC,CHN,RST,2021,4338,PUT022rad,NEBNext 42,TAATCG,TCCGTCTA,2706497,214347,0.0130667,data/split/PC_CHN_RST_2021_4338.sort.flt.bam
G2,PC_CHN_RST_2021_4343,PC,CHN,RST,2021,4343,PUT022rad,NEBNext 42,TAATCG,ACACTGAC,3058818,239102,0.0143578,data/split/PC_CHN_RST_2021_4343.sort.flt.bam
H2,PC_CHN_RST_2021_4348,PC,CHN,RST,2021,4348,PUT022rad,NEBNext 42,TAATCG,CCGACAAC,1511597,139053,0.00764992,data/split/PC_CHN_RST_2021_4348.sort.flt.bam
A3,PC_CHN_RST_2021_4353,PC,CHN,RST,2021,4353,PUT022rad,NEBNext 42,TAATCG,ACATTGGC,2015655,182356,0.0102087,data/split/PC_CHN_RST_2021_4353.sort.flt.bam
D3,PC_CHN_RST_2021_4377,PC,CHN,RST,2021,4377,PUT022rad,NEBNext 42,TAATCG,CCTCCTGA,1823671,142380,0.00856263,data/split/PC_CHN_RST_2021_4377.sort.flt.bam
F3,PC_CHN_RST_2021_4387,PC,CHN,RST,2021,4387,PUT022rad,NEBNext 42,TAATCG,TCTTCACA,2401885,198026,0.0117035,data/split/PC_CHN_RST_2021_4387.sort.flt.bam
G3,PC_CHN_RST_2021_4392,PC,CHN,RST,2021,4392,PUT022rad,NEBNext 42,TAATCG,ACAGATTC,2670541,209607,0.0127824,data/split/PC_CHN_RST_2021_4392.sort.flt.bam
H3,PC_CHN_RST_2021_4397,PC,CHN,RST,2021,4397,PUT022rad,NEBNext 42,TAATCG,AGTCAAGC,2187201,168619,0.0101855,data/split/PC_CHN_RST_2021_4397.sort.flt.bam
A4,PC_CHN_RST_2021_4405,PC,CHN,RST,2021,4405,PUT022rad,NEBNext 42,TAATCG,ACCACTGT,2744569,221406,0.013339,data/split/PC_CHN_RST_2021_4405.sort.flt.bam
C4,PC_CHN_RST_2021_4415,PC,CHN,RST,2021,4415,PUT022rad,NEBNext 42,TAATCG,ATCCTGTA,2930576,232144,0.013769,data/split/PC_CHN_RST_2021_4415.sort.flt.bam
D4,PC_CHN_RST_2021_4420,PC,CHN,RST,2021,4420,PUT022rad,NEBNext 42,TAATCG,CGAACTTA,3442299,261218,0.0157916,data/split/PC_CHN_RST_2021_4420.sort.flt.bam
F4,PC_CHN_RST_2021_4430,PC,CHN,RST,2021,4430,PUT022rad,NEBNext 42,TAATCG,TGAAGAGA,3129990,242734,0.0146642,data/split/PC_CHN_RST_2021_4430.sort.flt.bam
G4,PC_CHN_RST_2021_4435,PC,CHN,RST,2021,4435,PUT022rad,NEBNext 42,TAATCG,AGATGTAC,1932986,151075,0.00923764,data/split/PC_CHN_RST_2021_4435.sort.flt.bam
H4,PC_CHN_RST_2021_4440,PC,CHN,RST,2021,4440,PUT022rad,NEBNext 42,TAATCG,CCTCTATC,6767998,540140,0.0324242,data/split/PC_CHN_RST_2021_4440.sort.flt.bam
A5,PC_CHN_RST_2021_4445,PC,CHN,RST,2021,4445,PUT022rad,NEBNext 42,TAATCG,AACGTGAT,6317422,496173,0.0295839,data/split/PC_CHN_RST_2021_4445.sort.flt.bam
B5,PC_CHN_RST_2021_4450,PC,CHN,RST,2021,4450,PUT022rad,NEBNext 42,TAATCG,AAGGTACA,1331734,107827,0.00644572,data/split/PC_CHN_RST_2021_4450.sort.flt.bam
C5,PC_CHN_RST_2021_4455,PC,CHN,RST,2021,4455,PUT022rad,NEBNext 42,TAATCG,ATTGAGGA,3027560,238852,0.0143889,data/split/PC_CHN_RST_2021_4455.sort.flt.bam
D5,PC_CHN_RST_2021_4463,PC,CHN,RST,2021,4463,PUT022rad,NEBNext 42,TAATCG,CGACTGGA,2799509,207206,0.0126149,data/split/PC_CHN_RST_2021_4463.sort.flt.bam
F5,PC_CHN_RST_2021_4473,PC,CHN,RST,2021,4473,PUT022rad,NEBNext 42,TAATCG,TGGAACAA,3425218,266607,0.015992,data/split/PC_CHN_RST_2021_4473.sort.flt.bam
G5,PC_CHN_RST_2021_4478,PC,CHN,RST,2021,4478,PUT022rad,NEBNext 42,TAATCG,AGCACCTC,4744541,363529,0.0220615,data/split/PC_CHN_RST_2021_4478.sort.flt.bam
H5,PC_CHN_RST_2021_4488,PC,CHN,RST,2021,4488,PUT022rad,NEBNext 42,TAATCG,CGACACAC,4326068,368266,0.0205391,data/split/PC_CHN_RST_2021_4488.sort.flt.bam
A6,PC_CHN_RST_2021_4493,PC,CHN,RST,2021,4493,PUT022rad,NEBNext 42,TAATCG,CGCTGATC,10224559,923873,0.0491201,data/split/PC_CHN_RST_2021_4493.sort.flt.bam
C6,PC_CHN_RST_2021_4503,PC,CHN,RST,2021,4503,PUT022rad,NEBNext 42,TAATCG,CAACCACA,4530554,348877,0.0210472,data/split/PC_CHN_RST_2021_4503.sort.flt.bam
D6,PC_CHN_RST_2021_4508,PC,CHN,RST,2021,4508,PUT022rad,NEBNext 42,TAATCG,CGCATACA,1627982,120870,0.00741929,data/split/PC_CHN_RST_2021_4508.sort.flt.bam
G6,PC_CHN_RST_2021_4523,PC,CHN,RST,2021,4523,PUT022rad,NEBNext 42,TAATCG,AGCCATGC,4259997,332356,0.0197681,data/split/PC_CHN_RST_2021_4523.sort.flt.bam
H6,PC_CHN_RST_2021_4528,PC,CHN,RST,2021,4528,PUT022rad,NEBNext 42,TAATCG,CGGATTGC,6673714,515766,0.0302319,data/split/PC_CHN_RST_2021_4528.sort.flt.bam
A7,PC_CHN_RST_2021_4538,PC,CHN,RST,2021,4538,PUT022rad,NEBNext 42,TAATCG,CAGATCTG,10227888,824576,0.0485575,data/split/PC_CHN_RST_2021_4538.sort.flt.bam
C7,PC_CHN_RST_2021_4548,PC,CHN,RST,2021,4548,PUT022rad,NEBNext 42,TAATCG,CAAGACTA,2109428,168195,0.0100722,data/split/PC_CHN_RST_2021_4548.sort.flt.bam
D7,PC_CHN_RST_2021_4553,PC,CHN,RST,2021,4553,PUT022rad,NEBNext 42,TAATCG,CTCAATGA,1623589,130664,0.00800603,data/split/PC_CHN_RST_2021_4553.sort.flt.bam
G7,PC_CHN_RST_2021_4577,PC,CHN,RST,2021,4577,PUT022rad,NEBNext 42,TAATCG,AGGCTAAC,2098929,171824,0.0100017,data/split/PC_CHN_RST_2021_4577.sort.flt.bam
H7,PC_CHN_RST_2021_4582,PC,CHN,RST,2021,4582,PUT022rad,NEBNext 42,TAATCG,CTAAGGTC,7423072,563734,0.0339334,data/split/PC_CHN_RST_2021_4582.sort.flt.bam
A8,PC_CHN_RST_2021_4587,PC,CHN,RST,2021,4587,PUT022rad,NEBNext 42,TAATCG,ATGCCTAA,3014526,231046,0.0140164,data/split/PC_CHN_RST_2021_4587.sort.flt.bam
B8,PC_CHN_RST_2021_4597,PC,CHN,RST,2021,4597,PUT022rad,NEBNext 42,TAATCG,ACCTCCAA,1699109,134728,0.00818806,data/split/PC_CHN_RST_2021_4597.sort.flt.bam
C8,PC_CHN_RST_2021_4602,PC,CHN,RST,2021,4602,PUT022rad,NEBNext 42,TAATCG,CAATGGAA,2717784,226966,0.0132665,data/split/PC_CHN_RST_2021_4602.sort.flt.bam
D8,PC_CHN_RST_2021_4607,PC,CHN,RST,2021,4607,PUT022rad,NEBNext 42,TAATCG,CTGAGCCA,2842578,217726,0.0131393,data/split/PC_CHN_RST_2021_4607.sort.flt.bam
E8,PC_CHN_RST_2021_4612,PC,CHN,RST,2021,4612,PUT022rad,NEBNext 42,TAATCG,GTACGCAA,1635736,133070,0.00801649,data/split/PC_CHN_RST_2021_4612.sort.flt.bam
F8,PC_CHN_RST_2021_4617,PC,CHN,RST,2021,4617,PUT022rad,NEBNext 42,TAATCG,TTCACGCA,3058220,235416,0.0143077,data/split/PC_CHN_RST_2021_4617.sort.flt.bam
G8,PC_CHN_RST_2021_4622,PC,CHN,RST,2021,4622,PUT022rad,NEBNext 42,TAATCG,ATAGCGAC,1783440,143633,0.00874248,data/split/PC_CHN_RST_2021_4622.sort.flt.bam
H8,PC_CHN_RST_2021_4639,PC,CHN,RST,2021,4639,PUT022rad,NEBNext 42,TAATCG,GAACAGGC,6933395,552072,0.0326184,data/split/PC_CHN_RST_2021_4639.sort.flt.bam
A9,PC_CHN_RST_2021_4644,PC,CHN,RST,2021,4644,PUT022rad,NEBNext 42,TAATCG,AACGAACG,1449862,121396,0.00708952,data/split/PC_CHN_RST_2021_4644.sort.flt.bam
D9,PC_CHN_RST_2021_4654,PC,CHN,RST,2021,4654,PUT022rad,NEBNext 42,TAATCG,CTGGCATA,2419685,192783,0.0116295,data/split/PC_CHN_RST_2021_4654.sort.flt.bam
H9,PC_CHN_RST_2018_240,PC,CHN,RST,2018,240,PUT022rad,NEBNext 42,TAATCG,GACAGTGC,1994032,179430,0.0109641,data/split/PC_CHN_RST_2018_240.sort.flt.bam
A10,PC_CHN_RST_2018_294,PC,CHN,RST,2018,294,PUT022rad,NEBNext 42,TAATCG,AGTACAAG,3008143,262838,0.0160792,data/split/PC_CHN_RST_2018_294.sort.flt.bam
H11,PC_CHN_CS_2018_167,PC,CHN,CS,2018,167,PUT014rad,NEBNext 28,CAAAAG,GATGAATC,355890,114997,0.0061992,data/split/PC_CHN_CS_2018_167.sort.flt.bam
A1,PC_CHN_RST_2018_167,PC,CHN,RST,2018,167,PUT015rad,NEBNext 29,CAACTA,ACAAGCTA,1461063,213960,0.0122938,data/split/PC_CHN_RST_2018_167.sort.flt.bam
C1,PC_CHN_RST_2018_194,PC,CHN,RST,2018,194,PUT015rad,NEBNext 29,CAACTA,AGATCGCA,2165993,284733,0.0164077,data/split/PC_CHN_RST_2018_194.sort.flt.bam
F1,PC_CHN_CS_2017_177A,PC,CHN,CS,2017,177A,PUT015rad,NEBNext 29,CAACTA,TATCAGCA,2031756,217845,0.0114484,data/split/PC_CHN_CS_2017_177A.sort.flt.bam
G1,PC_CHN_RST_2018_250,PC,CHN,RST,2018,250,PUT015rad,NEBNext 29,CAACTA,AATGTTGC,1473772,192247,0.0112022,data/split/PC_CHN_RST_2018_250.sort.flt.bam
H1,PC_CHN_RST_2018_259,PC,CHN,RST,2018,259,PUT015rad,NEBNext 29,CAACTA,CCATCCTC,791619,103734,0.00613837,data/split/PC_CHN_RST_2018_259.sort.flt.bam
C2,PC_CHN_RST_2018_286,PC,CHN,RST,2018,286,PUT015rad,NEBNext 29,CAACTA,AGCAGGAA,1184779,153294,0.00896002,data/split/PC_CHN_RST_2018_286.sort.flt.bam
D2,PC_CHN_RST_2018_304,PC,CHN,RST,2018,304,PUT015rad,NEBNext 29,CAACTA,CCGTGAGA,848204,108043,0.00635307,data/split/PC_CHN_RST_2018_304.sort.flt.bam
F2,PC_CHN_RST_2018_323,PC,CHN,RST,2018,323,PUT015rad,NEBNext 29,CAACTA,TCCGTCTA,924197,125413,0.00732047,data/split/PC_CHN_RST_2018_323.sort.flt.bam
G2,PC_CHN_RST_2018_326,PC,CHN,RST,2018,326,PUT015rad,NEBNext 29,CAACTA,ACACTGAC,1463745,194714,0.0113057,data/split/PC_CHN_RST_2018_326.sort.flt.bam
H2,PC_CHN_RST_2018_350,PC,CHN,RST,2018,350,PUT015rad,NEBNext 29,CAACTA,CCGACAAC,1220214,151116,0.00882302,data/split/PC_CHN_RST_2018_350.sort.flt.bam
A3,PC_CHN_RST_2018_359,PC,CHN,RST,2018,359,PUT015rad,NEBNext 29,CAACTA,ACATTGGC,1104181,156182,0.00905682,data/split/PC_CHN_RST_2018_359.sort.flt.bam
D3,PC_CHN_CS_2017_129D,PC,CHN,CS,2017,129D,PUT015rad,NEBNext 29,CAACTA,CCTCCTGA,783186,112204,0.00572503,data/split/PC_CHN_CS_2017_129D.sort.flt.bam
F3,PC_CHN_CS_2017_131D,PC,CHN,CS,2017,131D,PUT015rad,NEBNext 29,CAACTA,TCTTCACA,939723,114635,0.00646864,data/split/PC_CHN_CS_2017_131D.sort.flt.bam
G3,PC_CHN_RST_2018_423,PC,CHN,RST,2018,423,PUT015rad,NEBNext 29,CAACTA,ACAGATTC,1591333,215063,0.0121839,data/split/PC_CHN_RST_2018_423.sort.flt.bam
H3,PC_CHN_RST_2018_432,PC,CHN,RST,2018,432,PUT015rad,NEBNext 29,CAACTA,AGTCAAGC,1098448,148501,0.00847418,data/split/PC_CHN_RST_2018_432.sort.flt.bam
A4,PC_CHN_RST_2018_441,PC,CHN,RST,2018,441,PUT015rad,NEBNext 29,CAACTA,ACCACTGT,1280048,183183,0.010522,data/split/PC_CHN_RST_2018_441.sort.flt.bam
B4,PC_CHN_RST_2018_450,PC,CHN,RST,2018,450,PUT015rad,NEBNext 29,CAACTA,AAGACGGA,1071261,144993,0.00844225,data/split/PC_CHN_RST_2018_450.sort.flt.bam
C4,PC_CHN_RST_2018_459,PC,CHN,RST,2018,459,PUT015rad,NEBNext 29,CAACTA,ATCCTGTA,1181422,162002,0.00937486,data/split/PC_CHN_RST_2018_459.sort.flt.bam
F4,PC_CHN_RST_2018_531,PC,CHN,RST,2018,531,PUT015rad,NEBNext 29,CAACTA,TGAAGAGA,1470442,185761,0.0108358,data/split/PC_CHN_RST_2018_531.sort.flt.bam
G4,PC_CHN_RST_2018_558,PC,CHN,RST,2018,558,PUT015rad,NEBNext 29,CAACTA,AGATGTAC,1299626,165965,0.00966165,data/split/PC_CHN_RST_2018_558.sort.flt.bam
H4,PC_CHN_RST_2018_576,PC,CHN,RST,2018,576,PUT015rad,NEBNext 29,CAACTA,CCTCTATC,1793526,250814,0.0133405,data/split/PC_CHN_RST_2018_576.sort.flt.bam
A5,PC_CHN_RST_2018_585,PC,CHN,RST,2018,585,PUT015rad,NEBNext 29,CAACTA,AACGTGAT,3657109,467505,0.0269298,data/split/PC_CHN_RST_2018_585.sort.flt.bam
B5,PC_CHN_CS_2017_140C,PC,CHN,CS,2017,140C,PUT015rad,NEBNext 29,CAACTA,AAGGTACA,1172908,146837,0.00790557,data/split/PC_CHN_CS_2017_140C.sort.flt.bam
C5,PC_CHN_RST_2018_612,PC,CHN,RST,2018,612,PUT015rad,NEBNext 29,CAACTA,ATTGAGGA,836983,107968,0.00632647,data/split/PC_CHN_RST_2018_612.sort.flt.bam
F5,PC_CHN_RST_2018_666,PC,CHN,RST,2018,666,PUT015rad,NEBNext 29,CAACTA,TGGAACAA,1154258,150206,0.0087198,data/split/PC_CHN_RST_2018_666.sort.flt.bam
G5,PC_CHN_CS_2017_142C,PC,CHN,CS,2017,142C,PUT015rad,NEBNext 29,CAACTA,AGCACCTC,1791464,138820,0.0073491,data/split/PC_CHN_CS_2017_142C.sort.flt.bam
H5,PC_CHN_RST_2018_729,PC,CHN,RST,2018,729,PUT015rad,NEBNext 29,CAACTA,CGACACAC,1864448,230577,0.0133824,data/split/PC_CHN_RST_2018_729.sort.flt.bam
A6,PC_CHN_RST_2018_738,PC,CHN,RST,2018,738,PUT015rad,NEBNext 29,CAACTA,CGCTGATC,7663176,957150,0.0546657,data/split/PC_CHN_RST_2018_738.sort.flt.bam
C6,PC_CHN_RST_2018_828,PC,CHN,RST,2018,828,PUT015rad,NEBNext 29,CAACTA,CAACCACA,1653486,209128,0.0122065,data/split/PC_CHN_RST_2018_828.sort.flt.bam
D6,PC_CHN_RST_2018_837,PC,CHN,RST,2018,837,PUT015rad,NEBNext 29,CAACTA,CGCATACA,852761,103923,0.00614793,data/split/PC_CHN_RST_2018_837.sort.flt.bam
G6,PC_CHN_RST_2018_882,PC,CHN,RST,2018,882,PUT015rad,NEBNext 29,CAACTA,AGCCATGC,1578893,209066,0.0118266,data/split/PC_CHN_RST_2018_882.sort.flt.bam
H6,PC_CHN_RST_2018_891,PC,CHN,RST,2018,891,PUT015rad,NEBNext 29,CAACTA,CGGATTGC,2034659,254617,0.0146547,data/split/PC_CHN_RST_2018_891.sort.flt.bam
G7,PC_CHN_RST_2018_981,PC,CHN,RST,2018,981,PUT015rad,NEBNext 29,CAACTA,AGGCTAAC,1248502,153850,0.0087775,data/split/PC_CHN_RST_2018_981.sort.flt.bam
H7,PC_CHN_RST_2018_990,PC,CHN,RST,2018,990,PUT015rad,NEBNext 29,CAACTA,CTAAGGTC,2330115,295681,0.0169855,data/split/PC_CHN_RST_2018_990.sort.flt.bam
A8,PC_CHN_RST_2018_1008,PC,CHN,RST,2018,1008,PUT015rad,NEBNext 29,CAACTA,ATGCCTAA,1985651,251809,0.0142552,data/split/PC_CHN_RST_2018_1008.sort.flt.bam
B8,PC_CHN_RST_2018_1017,PC,CHN,RST,2018,1017,PUT015rad,NEBNext 29,CAACTA,ACCTCCAA,924861,121072,0.00707091,data/split/PC_CHN_RST_2018_1017.sort.flt.bam
C8,PC_CHN_RST_2018_1026,PC,CHN,RST,2018,1026,PUT015rad,NEBNext 29,CAACTA,CAATGGAA,1733546,216220,0.0125699,data/split/PC_CHN_RST_2018_1026.sort.flt.bam
E8,PC_CHN_RST_2018_1053,PC,CHN,RST,2018,1053,PUT015rad,NEBNext 29,CAACTA,GTACGCAA,969236,121462,0.00707276,data/split/PC_CHN_RST_2018_1053.sort.flt.bam
F8,PC_CHN_CS_2017_239A,PC,CHN,CS,2017,239A,PUT015rad,NEBNext 29,CAACTA,TTCACGCA,967171,158381,0.0063907,data/split/PC_CHN_CS_2017_239A.sort.flt.bam
A9,PC_CHN_RST_2018_1110,PC,CHN,RST,2018,1110,PUT015rad,NEBNext 29,CAACTA,AACGAACG,1023632,129731,0.0075583,data/split/PC_CHN_RST_2018_1110.sort.flt.bam
G9,PC_CHN_RST_2018_1174,PC,CHN,RST,2018,1174,PUT015rad,NEBNext 29,CAACTA,ACGACAAG,1265795,160379,0.0087975,data/split/PC_CHN_RST_2018_1174.sort.flt.bam
A10,PC_CHN_RST_2018_1201,PC,CHN,RST,2018,1201,PUT015rad,NEBNext 29,CAACTA,AGTACAAG,3243255,380374,0.0217979,data/split/PC_CHN_RST_2018_1201.sort.flt.bam
B10,PC_CHN_CS_2017_158C,PC,CHN,CS,2017,158C,PUT015rad,NEBNext 29,CAACTA,ACGTATCA,710405,113117,0.0052416,data/split/PC_CHN_CS_2017_158C.sort.flt.bam
D10,PC_CHN_RST_2018_1237,PC,CHN,RST,2018,1237,PUT015rad,NEBNext 29,CAACTA,GAATCTGA,1389408,167645,0.00976872,data/split/PC_CHN_RST_2018_1237.sort.flt.bam
F10,PC_CHN_RST_2018_1282,PC,CHN,RST,2018,1282,PUT015rad,NEBNext 29,CAACTA,AAGAGATC,2797079,357422,0.0206209,data/split/PC_CHN_RST_2018_1282.sort.flt.bam
G10,PC_CHN_RST_2018_1291,PC,CHN,RST,2018,1291,PUT015rad,NEBNext 29,CAACTA,ATTGGCTC,923153,113034,0.00662758,data/split/PC_CHN_RST_2018_1291.sort.flt.bam
H10,PC_CHN_RST_2018_1300,PC,CHN,RST,2018,1300,PUT015rad,NEBNext 29,CAACTA,GAGTTAGC,2907477,352552,0.0204366,data/split/PC_CHN_RST_2018_1300.sort.flt.bam
A11,PC_CHN_RST_2018_1309,PC,CHN,RST,2018,1309,PUT015rad,NEBNext 29,CAACTA,CATCAAGT,1635889,197272,0.0114882,data/split/PC_CHN_RST_2018_1309.sort.flt.bam
H11,PC_CHN_RST_2018_1445,PC,CHN,RST,2018,1445,PUT015rad,NEBNext 29,CAACTA,GATGAATC,3370153,430118,0.0245375,data/split/PC_CHN_RST_2018_1445.sort.flt.bam
A12,PC_CHN_RST_2018_1454,PC,CHN,RST,2018,1454,PUT015rad,NEBNext 29,CAACTA,AGTGGTCA,1864428,238081,0.0136217,data/split/PC_CHN_RST_2018_1454.sort.flt.bam
D12,PC_CHN_CS_2017_204A,PC,CHN,CS,2017,204A,PUT015rad,NEBNext 29,CAACTA,GAGCTGAA,1853849,203016,0.0117134,data/split/PC_CHN_CS_2017_204A.sort.flt.bam
F12,PC_CHN_RST_2018_1508,PC,CHN,RST,2018,1508,PUT015rad,NEBNext 29,CAACTA,AATCCGTC,1502503,187040,0.0108562,data/split/PC_CHN_RST_2018_1508.sort.flt.bam
G12,PC_CHN_CS_2017_205A,PC,CHN,CS,2017,205A,PUT015rad,NEBNext 29,CAACTA,CACCTTAC,1062078,152776,0.00753096,data/split/PC_CHN_CS_2017_205A.sort.flt.bam
H12,PC_CHN_RST_2018_1537,PC,CHN,RST,2018,1537,PUT015rad,NEBNext 29,CAACTA,GCCAAGAC,1375712,175182,0.0101828,data/split/PC_CHN_RST_2018_1537.sort.flt.bam
A1,PC_CHN_RST_2018_1546,PC,CHN,RST,2018,1546,PUT016rad,NEBNext 33,CAGGCG,ACAAGCTA,997089,222176,0.0126931,data/split/PC_CHN_RST_2018_1546.sort.flt.bam
B1,PC_CHN_RST_2018_1564,PC,CHN,RST,2018,1564,PUT016rad,NEBNext 33,CAGGCG,AACAACCA,669391,149056,0.00856285,data/split/PC_CHN_RST_2018_1564.sort.flt.bam
C1,PC_CHN_RST_2018_1582,PC,CHN,RST,2018,1582,PUT016rad,NEBNext 33,CAGGCG,AGATCGCA,1797575,383359,0.0216182,data/split/PC_CHN_RST_2018_1582.sort.flt.bam
G1,PC_CHN_RST_2018_1619,PC,CHN,RST,2018,1619,PUT016rad,NEBNext 33,CAGGCG,AATGTTGC,1213777,267555,0.0151309,data/split/PC_CHN_RST_2018_1619.sort.flt.bam
A2,PC_CHN_RST_2018_1636,PC,CHN,RST,2018,1636,PUT016rad,NEBNext 33,CAGGCG,AAACATCG,1701185,374335,0.021292,data/split/PC_CHN_RST_2018_1636.sort.flt.bam
C2,PC_CHN_RST_2018_1654,PC,CHN,RST,2018,1654,PUT016rad,NEBNext 33,CAGGCG,AGCAGGAA,1255664,254723,0.0146908,data/split/PC_CHN_RST_2018_1654.sort.flt.bam
D2,PC_CHN_RST_2018_1672,PC,CHN,RST,2018,1672,PUT016rad,NEBNext 33,CAGGCG,CCGTGAGA,793435,173967,0.00996099,data/split/PC_CHN_RST_2018_1672.sort.flt.bam
F2,PC_CHN_RST_2018_1699,PC,CHN,RST,2018,1699,PUT016rad,NEBNext 33,CAGGCG,TCCGTCTA,598187,129552,0.00750137,data/split/PC_CHN_RST_2018_1699.sort.flt.bam
B3,PC_CHN_RST_2018_1735,PC,CHN,RST,2018,1735,PUT016rad,NEBNext 33,CAGGCG,AACGCTTA,614076,132035,0.00755612,data/split/PC_CHN_RST_2018_1735.sort.flt.bam
C3,PC_CHN_RST_2018_1744,PC,CHN,RST,2018,1744,PUT016rad,NEBNext 33,CAGGCG,AGTCACTA,1745321,358594,0.0204758,data/split/PC_CHN_RST_2018_1744.sort.flt.bam
E3,PC_CHN_RST_2018_1762,PC,CHN,RST,2018,1762,PUT016rad,NEBNext 33,CAGGCG,GCGAGTAA,605509,126142,0.00730279,data/split/PC_CHN_RST_2018_1762.sort.flt.bam
F3,PC_CHN_RST_2018_1771,PC,CHN,RST,2018,1771,PUT016rad,NEBNext 33,CAGGCG,TCTTCACA,1288144,273370,0.0155945,data/split/PC_CHN_RST_2018_1771.sort.flt.bam
G3,PC_CHN_RST_2018_1780,PC,CHN,RST,2018,1780,PUT016rad,NEBNext 33,CAGGCG,ACAGATTC,1382072,295678,0.0169076,data/split/PC_CHN_RST_2018_1780.sort.flt.bam
H3,PC_CHN_RST_2018_1789,PC,CHN,RST,2018,1789,PUT016rad,NEBNext 33,CAGGCG,AGTCAAGC,1016399,212618,0.0122737,data/split/PC_CHN_RST_2018_1789.sort.flt.bam
A4,PC_CHN_CS_2017_223A,PC,CHN,CS,2017,223A,PUT016rad,NEBNext 33,CAGGCG,ACCACTGT,1193631,155994,0.00627277,data/split/PC_CHN_CS_2017_223A.sort.flt.bam
B4,PC_CHN_CS_2017_224A,PC,CHN,CS,2017,224A,PUT016rad,NEBNext 33,CAGGCG,AAGACGGA,779034,188859,0.008981,data/split/PC_CHN_CS_2017_224A.sort.flt.bam
C4,PC_CHN_RST_2018_1834,PC,CHN,RST,2018,1834,PUT016rad,NEBNext 33,CAGGCG,ATCCTGTA,1276437,269901,0.0154274,data/split/PC_CHN_RST_2018_1834.sort.flt.bam
D4,PC_CHN_RST_2018_1952,PC,CHN,RST,2018,1952,PUT016rad,NEBNext 33,CAGGCG,CGAACTTA,530359,113477,0.00661243,data/split/PC_CHN_RST_2018_1952.sort.flt.bam
E4,PC_CHN_RST_2018_1853,PC,CHN,RST,2018,1853,PUT016rad,NEBNext 33,CAGGCG,GCTAACGA,531282,111842,0.00628574,data/split/PC_CHN_RST_2018_1853.sort.flt.bam
F4,PC_CHN_RST_2018_1871,PC,CHN,RST,2018,1871,PUT016rad,NEBNext 33,CAGGCG,TGAAGAGA,1014531,212246,0.0122156,data/split/PC_CHN_RST_2018_1871.sort.flt.bam
G4,PC_CHN_RST_2018_1880,PC,CHN,RST,2018,1880,PUT016rad,NEBNext 33,CAGGCG,AGATGTAC,734131,153893,0.00894841,data/split/PC_CHN_RST_2018_1880.sort.flt.bam
H4,PC_CHN_RST_2018_1898,PC,CHN,RST,2018,1898,PUT016rad,NEBNext 33,CAGGCG,CCTCTATC,1599656,329015,0.0188452,data/split/PC_CHN_RST_2018_1898.sort.flt.bam
A5,PC_CHN_RST_2018_1970,PC,CHN,RST,2018,1970,PUT016rad,NEBNext 33,CAGGCG,AACGTGAT,2103231,438644,0.0251226,data/split/PC_CHN_RST_2018_1970.sort.flt.bam
B5,PC_CHN_RST_2018_2079,PC,CHN,RST,2018,2079,PUT016rad,NEBNext 33,CAGGCG,AAGGTACA,532467,113598,0.00638288,data/split/PC_CHN_RST_2018_2079.sort.flt.bam
C5,PC_CHN_RST_2018_2133,PC,CHN,RST,2018,2133,PUT016rad,NEBNext 33,CAGGCG,ATTGAGGA,568614,125755,0.0072739,data/split/PC_CHN_RST_2018_2133.sort.flt.bam
D5,PC_CHN_RST_2018_2151,PC,CHN,RST,2018,2151,PUT016rad,NEBNext 33,CAGGCG,CGACTGGA,883327,180594,0.0105073,data/split/PC_CHN_RST_2018_2151.sort.flt.bam
F5,PC_CHN_RST_2018_2178,PC,CHN,RST,2018,2178,PUT016rad,NEBNext 33,CAGGCG,TGGAACAA,597570,128781,0.00743336,data/split/PC_CHN_RST_2018_2178.sort.flt.bam
G5,PC_CHN_RST_2018_2187,PC,CHN,RST,2018,2187,PUT016rad,NEBNext 33,CAGGCG,AGCACCTC,1101012,233395,0.0133047,data/split/PC_CHN_RST_2018_2187.sort.flt.bam
H5,PC_CHN_RST_2018_2196,PC,CHN,RST,2018,2196,PUT016rad,NEBNext 33,CAGGCG,CGACACAC,1410411,300035,0.0170078,data/split/PC_CHN_RST_2018_2196.sort.flt.bam
A6,PC_CHN_RST_2018_2241,PC,CHN,RST,2018,2241,PUT016rad,NEBNext 33,CAGGCG,CGCTGATC,3274873,701384,0.0392741,data/split/PC_CHN_RST_2018_2241.sort.flt.bam
B6,PC_CHN_RST_2018_2259,PC,CHN,RST,2018,2259,PUT016rad,NEBNext 33,CAGGCG,ACACAGAA,525179,117980,0.00671311,data/split/PC_CHN_RST_2018_2259.sort.flt.bam
C6,PC_CHN_RST_2018_2277,PC,CHN,RST,2018,2277,PUT016rad,NEBNext 33,CAGGCG,CAACCACA,592453,126208,0.00730413,data/split/PC_CHN_RST_2018_2277.sort.flt.bam
D6,PC_CHN_RST_2018_2295,PC,CHN,RST,2018,2295,PUT016rad,NEBNext 33,CAGGCG,CGCATACA,509408,110858,0.00641907,data/split/PC_CHN_RST_2018_2295.sort.flt.bam
E6,PC_CHN_RST_2018_2322,PC,CHN,RST,2018,2322,PUT016rad,NEBNext 33,CAGGCG,GGAGAACA,572770,122392,0.00706997,data/split/PC_CHN_RST_2018_2322.sort.flt.bam
G6,PC_CHN_RST_2018_2410,PC,CHN,RST,2018,2410,PUT016rad,NEBNext 33,CAGGCG,AGCCATGC,1292683,267623,0.0153547,data/split/PC_CHN_RST_2018_2410.sort.flt.bam
H6,PC_CHN_RST_2018_2428,PC,CHN,RST,2018,2428,PUT016rad,NEBNext 33,CAGGCG,CGGATTGC,1288857,261716,0.0151242,data/split/PC_CHN_RST_2018_2428.sort.flt.bam
A7,PC_CHN_RST_2018_2437,PC,CHN,RST,2018,2437,PUT016rad,NEBNext 33,CAGGCG,CAGATCTG,2164242,458823,0.0260925,data/split/PC_CHN_RST_2018_2437.sort.flt.bam
B7,PC_CHN_RST_2018_2465,PC,CHN,RST,2018,2465,PUT016rad,NEBNext 33,CAGGCG,ACAGCAGA,512426,103923,0.00601941,data/split/PC_CHN_RST_2018_2465.sort.flt.bam
C7,PC_CHN_RST_2018_2474,PC,CHN,RST,2018,2474,PUT016rad,NEBNext 33,CAGGCG,CAAGACTA,782257,161865,0.00936124,data/split/PC_CHN_RST_2018_2474.sort.flt.bam
D7,PC_CHN_RST_2018_2483,PC,CHN,RST,2018,2483,PUT016rad,NEBNext 33,CAGGCG,CTCAATGA,654231,136309,0.00788361,data/split/PC_CHN_RST_2018_2483.sort.flt.bam
