Well,SampleName,Trib,Species,Method,Year,Number,PlateName,PlateBarcodeName,PlateBarcodeSeq,SampleBarcode,Reads,Filtered,Coverage,Path,Pop,Frac,NewPath
C1,PC_CHN_CS_2017_127D,PC,CHN,CS,2017,127D,PUT020rad,NEBNext 5,ACAGTG,AGATCGCA,2051278,226575,0.0138449,data/split/PC_CHN_CS_2017_127D.sort.flt.bam,CS-2017,2.2067747986317996,data/split/PC_CHN_CS_2017_127D.sort.flt.bam
C2,PC_CHN_CS_2017_139B,PC,CHN,CS,2017,139B,PUT020rad,NEBNext 5,ACAGTG,AGCAGGAA,1246234,138964,0.00839162,data/split/PC_CHN_CS_2017_139B.sort.flt.bam,CS-2017,3.5980541723036183,data/split/PC_CHN_CS_2017_139B.sort.flt.bam
F2,PC_CHN_CS_2017_162A,PC,CHN,CS,2017,162A,PUT020rad,NEBNext 5,ACAGTG,TCCGTCTA,958474,121776,0.00703569,data/split/PC_CHN_CS_2017_162A.sort.flt.bam,CS-2017,4.105899356194981,data/split/PC_CHN_CS_2017_162A.sort.flt.bam
A3,PC_CHN_CS_2017_173A,PC,CHN,CS,2017,173A,PUT020rad,NEBNext 5,ACAGTG,ACATTGGC,1549265,192138,0.0114011,data/split/PC_CHN_CS_2017_173A.sort.flt.bam,CS-2017,2.6022962662253173,data/split/PC_CHN_CS_2017_173A.sort.flt.bam
C3,PC_CHN_CS_2017_130C,PC,CHN,CS,2017,130C,PUT020rad,NEBNext 5,ACAGTG,AGTCACTA,1069510,122926,0.00753843,data/split/PC_CHN_CS_2017_130C.sort.flt.bam,CS-2017,4.067487756861852,data/split/PC_CHN_CS_2017_130C.sort.flt.bam
F3,PC_CHN_CS_2017_138C,PC,CHN,CS,2017,138C,PUT020rad,NEBNext 5,ACAGTG,TCTTCACA,1956757,234144,0.0139327,data/split/PC_CHN_CS_2017_138C.sort.flt.bam,CS-2017,2.1354380210468773,data/split/PC_CHN_CS_2017_138C.sort.flt.bam
G3,PC_CHN_CS_2017_197A,PC,CHN,CS,2017,197A,PUT020rad,NEBNext 5,ACAGTG,ACAGATTC,971535,121492,0.00681463,data/split/PC_CHN_CS_2017_197A.sort.flt.bam,CS-2017,4.115497316695749,data/split/PC_CHN_CS_2017_197A.sort.flt.bam
A4,PC_CHN_CS_2017_132D,PC,CHN,CS,2017,132D,PUT020rad,NEBNext 5,ACAGTG,ACCACTGT,1400630,162976,0.00985561,data/split/PC_CHN_CS_2017_132D.sort.flt.bam,CS-2017,3.0679363832711566,data/split/PC_CHN_CS_2017_132D.sort.flt.bam
C4,PC_CHN_CS_2017_151B,PC,CHN,CS,2017,151B,PUT020rad,NEBNext 5,ACAGTG,ATCCTGTA,1379037,151520,0.00929981,data/split/PC_CHN_CS_2017_151B.sort.flt.bam,CS-2017,3.299894403379092,data/split/PC_CHN_CS_2017_151B.sort.flt.bam
F4,PC_CHN_CS_2017_228A,PC,CHN,CS,2017,228A,PUT020rad,NEBNext 5,ACAGTG,TGAAGAGA,1208287,143700,0.00849381,data/split/PC_CHN_CS_2017_228A.sort.flt.bam,CS-2017,3.4794711203897006,data/split/PC_CHN_CS_2017_228A.sort.flt.bam
H4,PC_CHN_CS_2017_233A,PC,CHN,CS,2017,233A,PUT020rad,NEBNext 5,ACAGTG,CCTCTATC,2255783,259739,0.0157078,data/split/PC_CHN_CS_2017_233A.sort.flt.bam,CS-2017,1.925009336295281,data/split/PC_CHN_CS_2017_233A.sort.flt.bam
C5,PC_CHN_CS_2017_235A,PC,CHN,CS,2017,235A,PUT020rad,NEBNext 5,ACAGTG,ATTGAGGA,786541,102244,0.0059864,data/split/PC_CHN_CS_2017_235A.sort.flt.bam,CS-2017,4.890262509291499,data/split/PC_CHN_CS_2017_235A.sort.flt.bam
A6,PC_CHN_CS_2017_156C,PC,CHN,CS,2017,156C,PUT020rad,NEBNext 5,ACAGTG,CGCTGATC,5512946,626328,0.0366057,data/split/PC_CHN_CS_2017_156C.sort.flt.bam,CS-2017,0.7983037641619087,data/downsample/PC_CHN_CS_2017_156C.reduced.bam
C6,PC_CHN_CS_2017_250A,PC,CHN,CS,2017,250A,PUT020rad,NEBNext 5,ACAGTG,CAACCACA,1162555,134836,0.00823223,data/split/PC_CHN_CS_2017_250A.sort.flt.bam,CS-2017,3.708208490314159,data/split/PC_CHN_CS_2017_250A.sort.flt.bam
A7,PC_CHN_CS_2017_211A,PC,CHN,CS,2017,211A,PUT020rad,NEBNext 5,ACAGTG,CAGATCTG,2860551,326310,0.0197843,data/split/PC_CHN_CS_2017_211A.sort.flt.bam,CS-2017,1.532285250222181,data/split/PC_CHN_CS_2017_211A.sort.flt.bam
H11,PC_CHN_CS_2017_142A,PC,CHN,CS,2017,142A,PUT020rad,NEBNext 5,ACAGTG,GATGAATC,5905604,616180,0.0374429,data/split/PC_CHN_CS_2017_142A.sort.flt.bam,CS-2017,0.8114511993248726,data/downsample/PC_CHN_CS_2017_142A.reduced.bam
H12,PC_CHN_CS_2017_153A,PC,CHN,CS,2017,153A,PUT020rad,NEBNext 5,ACAGTG,GCCAAGAC,1146372,139005,0.00731608,data/split/PC_CHN_CS_2017_153A.sort.flt.bam,CS-2017,3.5969929139239594,data/split/PC_CHN_CS_2017_153A.sort.flt.bam
F1,PC_CHN_CS_2017_177A,PC,CHN,CS,2017,177A,PUT015rad,NEBNext 29,CAACTA,TATCAGCA,2031756,217845,0.0114484,data/split/PC_CHN_CS_2017_177A.sort.flt.bam,CS-2017,2.295209896945076,data/split/PC_CHN_CS_2017_177A.sort.flt.bam
D3,PC_CHN_CS_2017_129D,PC,CHN,CS,2017,129D,PUT015rad,NEBNext 29,CAACTA,CCTCCTGA,783186,112204,0.00572503,data/split/PC_CHN_CS_2017_129D.sort.flt.bam,CS-2017,4.456169120530462,data/split/PC_CHN_CS_2017_129D.sort.flt.bam
F3,PC_CHN_CS_2017_131D,PC,CHN,CS,2017,131D,PUT015rad,NEBNext 29,CAACTA,TCTTCACA,939723,114635,0.00646864,data/split/PC_CHN_CS_2017_131D.sort.flt.bam,CS-2017,4.361669647140926,data/split/PC_CHN_CS_2017_131D.sort.flt.bam
B5,PC_CHN_CS_2017_140C,PC,CHN,CS,2017,140C,PUT015rad,NEBNext 29,CAACTA,AAGGTACA,1172908,146837,0.00790557,data/split/PC_CHN_CS_2017_140C.sort.flt.bam,CS-2017,3.4051363076063934,data/split/PC_CHN_CS_2017_140C.sort.flt.bam
G5,PC_CHN_CS_2017_142C,PC,CHN,CS,2017,142C,PUT015rad,NEBNext 29,CAACTA,AGCACCTC,1791464,138820,0.0073491,data/split/PC_CHN_CS_2017_142C.sort.flt.bam,CS-2017,3.601786486097104,data/split/PC_CHN_CS_2017_142C.sort.flt.bam
F8,PC_CHN_CS_2017_239A,PC,CHN,CS,2017,239A,PUT015rad,NEBNext 29,CAACTA,TTCACGCA,967171,158381,0.0063907,data/split/PC_CHN_CS_2017_239A.sort.flt.bam,CS-2017,3.156944330443677,data/split/PC_CHN_CS_2017_239A.sort.flt.bam
B10,PC_CHN_CS_2017_158C,PC,CHN,CS,2017,158C,PUT015rad,NEBNext 29,CAACTA,ACGTATCA,710405,113117,0.0052416,data/split/PC_CHN_CS_2017_158C.sort.flt.bam,CS-2017,4.42020209163963,data/split/PC_CHN_CS_2017_158C.sort.flt.bam
D12,PC_CHN_CS_2017_204A,PC,CHN,CS,2017,204A,PUT015rad,NEBNext 29,CAACTA,GAGCTGAA,1853849,203016,0.0117134,data/split/PC_CHN_CS_2017_204A.sort.flt.bam,CS-2017,2.4628600701422547,data/split/PC_CHN_CS_2017_204A.sort.flt.bam
G12,PC_CHN_CS_2017_205A,PC,CHN,CS,2017,205A,PUT015rad,NEBNext 29,CAACTA,CACCTTAC,1062078,152776,0.00753096,data/split/PC_CHN_CS_2017_205A.sort.flt.bam,CS-2017,3.2727653558150496,data/split/PC_CHN_CS_2017_205A.sort.flt.bam
A4,PC_CHN_CS_2017_223A,PC,CHN,CS,2017,223A,PUT016rad,NEBNext 33,CAGGCG,ACCACTGT,1193631,155994,0.00627277,data/split/PC_CHN_CS_2017_223A.sort.flt.bam,CS-2017,3.2052514840314372,data/split/PC_CHN_CS_2017_223A.sort.flt.bam
B4,PC_CHN_CS_2017_224A,PC,CHN,CS,2017,224A,PUT016rad,NEBNext 33,CAGGCG,AAGACGGA,779034,188859,0.008981,data/split/PC_CHN_CS_2017_224A.sort.flt.bam,CS-2017,2.6474777479495284,data/split/PC_CHN_CS_2017_224A.sort.flt.bam
A1,PC_CHN_RST_2018_404,PC,CHN,RST,2018,404,PUT019rad,NEBNext 36,CCAACA,ACAAGCTA,225768,117771,0.00726883,data/split/PC_CHN_RST_2018_404.sort.flt.bam,RST-2018,4.245527336950523,data/split/PC_CHN_RST_2018_404.sort.flt.bam
A5,PC_CHN_RST_2018_710,PC,CHN,RST,2018,710,PUT019rad,NEBNext 36,CCAACA,AACGTGAT,392519,204117,0.0126052,data/split/PC_CHN_RST_2018_710.sort.flt.bam,RST-2018,2.4495754885678314,data/split/PC_CHN_RST_2018_710.sort.flt.bam
H5,PC_CHN_RST_2018_773,PC,CHN,RST,2018,773,PUT019rad,NEBNext 36,CCAACA,CGACACAC,202645,105425,0.00652777,data/split/PC_CHN_RST_2018_773.sort.flt.bam,RST-2018,4.742708086317287,data/split/PC_CHN_RST_2018_773.sort.flt.bam
A6,PC_CHN_RST_2018_782,PC,CHN,RST,2018,782,PUT019rad,NEBNext 36,CCAACA,CGCTGATC,709618,374809,0.0228917,data/split/PC_CHN_RST_2018_782.sort.flt.bam,RST-2018,1.3340127905146355,data/split/PC_CHN_RST_2018_782.sort.flt.bam
H6,PC_CHN_RST_2018_845,PC,CHN,RST,2018,845,PUT019rad,NEBNext 36,CCAACA,CGGATTGC,202075,104826,0.00650994,data/split/PC_CHN_RST_2018_845.sort.flt.bam,RST-2018,4.769809016846965,data/split/PC_CHN_RST_2018_845.sort.flt.bam
A7,PC_CHN_RST_2018_854,PC,CHN,RST,2018,854,PUT019rad,NEBNext 36,CCAACA,CAGATCTG,445474,233589,0.0144088,data/split/PC_CHN_RST_2018_854.sort.flt.bam,RST-2018,2.140511753550039,data/split/PC_CHN_RST_2018_854.sort.flt.bam
H7,PC_CHN_RST_2018_917,PC,CHN,RST,2018,917,PUT019rad,NEBNext 36,CCAACA,CTAAGGTC,382621,195779,0.0120773,data/split/PC_CHN_RST_2018_917.sort.flt.bam,RST-2018,2.5539000607828215,data/split/PC_CHN_RST_2018_917.sort.flt.bam
H8,PC_CHN_RST_2018_2023,PC,CHN,RST,2018,2023,PUT019rad,NEBNext 36,CCAACA,GAACAGGC,217363,113029,0.00700641,data/split/PC_CHN_RST_2018_2023.sort.flt.bam,RST-2018,4.423643489723876,data/split/PC_CHN_RST_2018_2023.sort.flt.bam
A10,PC_CHN_RST_2018_1073,PC,CHN,RST,2018,1073,PUT019rad,NEBNext 36,CCAACA,AGTACAAG,214597,111044,0.00688513,data/split/PC_CHN_RST_2018_1073.sort.flt.bam,RST-2018,4.502719642664169,data/split/PC_CHN_RST_2018_1073.sort.flt.bam
F10,PC_CHN_RST_2018_1145,PC,CHN,RST,2018,1145,PUT019rad,NEBNext 36,CCAACA,AAGAGATC,193757,103364,0.00637653,data/split/PC_CHN_RST_2018_1145.sort.flt.bam,RST-2018,4.837274099299563,data/split/PC_CHN_RST_2018_1145.sort.flt.bam
H10,PC_CHN_RST_2018_1209,PC,CHN,RST,2018,1209,PUT019rad,NEBNext 36,CCAACA,GAGTTAGC,212257,108196,0.00667854,data/split/PC_CHN_RST_2018_1209.sort.flt.bam,RST-2018,4.621242929498318,data/split/PC_CHN_RST_2018_1209.sort.flt.bam
H9,PC_CHN_RST_2018_240,PC,CHN,RST,2018,240,PUT022rad,NEBNext 42,TAATCG,GACAGTGC,1994032,179430,0.0109641,data/split/PC_CHN_RST_2018_240.sort.flt.bam,RST-2018,2.7866020174998605,data/split/PC_CHN_RST_2018_240.sort.flt.bam
A10,PC_CHN_RST_2018_294,PC,CHN,RST,2018,294,PUT022rad,NEBNext 42,TAATCG,AGTACAAG,3008143,262838,0.0160792,data/split/PC_CHN_RST_2018_294.sort.flt.bam,RST-2018,1.9023124510154543,data/split/PC_CHN_RST_2018_294.sort.flt.bam
A1,PC_CHN_RST_2018_167,PC,CHN,RST,2018,167,PUT015rad,NEBNext 29,CAACTA,ACAAGCTA,1461063,213960,0.0122938,data/split/PC_CHN_RST_2018_167.sort.flt.bam,RST-2018,2.336885399140026,data/split/PC_CHN_RST_2018_167.sort.flt.bam
C1,PC_CHN_RST_2018_194,PC,CHN,RST,2018,194,PUT015rad,NEBNext 29,CAACTA,AGATCGCA,2165993,284733,0.0164077,data/split/PC_CHN_RST_2018_194.sort.flt.bam,RST-2018,1.7560310887743955,data/split/PC_CHN_RST_2018_194.sort.flt.bam
G1,PC_CHN_RST_2018_250,PC,CHN,RST,2018,250,PUT015rad,NEBNext 29,CAACTA,AATGTTGC,1473772,192247,0.0112022,data/split/PC_CHN_RST_2018_250.sort.flt.bam,RST-2018,2.6008208190504924,data/split/PC_CHN_RST_2018_250.sort.flt.bam
H1,PC_CHN_RST_2018_259,PC,CHN,RST,2018,259,PUT015rad,NEBNext 29,CAACTA,CCATCCTC,791619,103734,0.00613837,data/split/PC_CHN_RST_2018_259.sort.flt.bam,RST-2018,4.820020436886653,data/split/PC_CHN_RST_2018_259.sort.flt.bam
C2,PC_CHN_RST_2018_286,PC,CHN,RST,2018,286,PUT015rad,NEBNext 29,CAACTA,AGCAGGAA,1184779,153294,0.00896002,data/split/PC_CHN_RST_2018_286.sort.flt.bam,RST-2018,3.261706263780709,data/split/PC_CHN_RST_2018_286.sort.flt.bam
D2,PC_CHN_RST_2018_304,PC,CHN,RST,2018,304,PUT015rad,NEBNext 29,CAACTA,CCGTGAGA,848204,108043,0.00635307,data/split/PC_CHN_RST_2018_304.sort.flt.bam,RST-2018,4.6277870847718034,data/split/PC_CHN_RST_2018_304.sort.flt.bam
F2,PC_CHN_RST_2018_323,PC,CHN,RST,2018,323,PUT015rad,NEBNext 29,CAACTA,TCCGTCTA,924197,125413,0.00732047,data/split/PC_CHN_RST_2018_323.sort.flt.bam,RST-2018,3.986827521867749,data/split/PC_CHN_RST_2018_323.sort.flt.bam
G2,PC_CHN_RST_2018_326,PC,CHN,RST,2018,326,PUT015rad,NEBNext 29,CAACTA,ACACTGAC,1463745,194714,0.0113057,data/split/PC_CHN_RST_2018_326.sort.flt.bam,RST-2018,2.5678687716342945,data/split/PC_CHN_RST_2018_326.sort.flt.bam
H2,PC_CHN_RST_2018_350,PC,CHN,RST,2018,350,PUT015rad,NEBNext 29,CAACTA,CCGACAAC,1220214,151116,0.00882302,data/split/PC_CHN_RST_2018_350.sort.flt.bam,RST-2018,3.3087164827020303,data/split/PC_CHN_RST_2018_350.sort.flt.bam
A3,PC_CHN_RST_2018_359,PC,CHN,RST,2018,359,PUT015rad,NEBNext 29,CAACTA,ACATTGGC,1104181,156182,0.00905682,data/split/PC_CHN_RST_2018_359.sort.flt.bam,RST-2018,3.2013932463408077,data/split/PC_CHN_RST_2018_359.sort.flt.bam
G3,PC_CHN_RST_2018_423,PC,CHN,RST,2018,423,PUT015rad,NEBNext 29,CAACTA,ACAGATTC,1591333,215063,0.0121839,data/split/PC_CHN_RST_2018_423.sort.flt.bam,RST-2018,2.324900145538749,data/split/PC_CHN_RST_2018_423.sort.flt.bam
H3,PC_CHN_RST_2018_432,PC,CHN,RST,2018,432,PUT015rad,NEBNext 29,CAACTA,AGTCAAGC,1098448,148501,0.00847418,data/split/PC_CHN_RST_2018_432.sort.flt.bam,RST-2018,3.3669806937327023,data/split/PC_CHN_RST_2018_432.sort.flt.bam
A4,PC_CHN_RST_2018_441,PC,CHN,RST,2018,441,PUT015rad,NEBNext 29,CAACTA,ACCACTGT,1280048,183183,0.010522,data/split/PC_CHN_RST_2018_441.sort.flt.bam,RST-2018,2.729510926232238,data/split/PC_CHN_RST_2018_441.sort.flt.bam
B4,PC_CHN_RST_2018_450,PC,CHN,RST,2018,450,PUT015rad,NEBNext 29,CAACTA,AAGACGGA,1071261,144993,0.00844225,data/split/PC_CHN_RST_2018_450.sort.flt.bam,RST-2018,3.4484423385956564,data/split/PC_CHN_RST_2018_450.sort.flt.bam
C4,PC_CHN_RST_2018_459,PC,CHN,RST,2018,459,PUT015rad,NEBNext 29,CAACTA,ATCCTGTA,1181422,162002,0.00937486,data/split/PC_CHN_RST_2018_459.sort.flt.bam,RST-2018,3.086381649609264,data/split/PC_CHN_RST_2018_459.sort.flt.bam
F4,PC_CHN_RST_2018_531,PC,CHN,RST,2018,531,PUT015rad,NEBNext 29,CAACTA,TGAAGAGA,1470442,185761,0.0108358,data/split/PC_CHN_RST_2018_531.sort.flt.bam,RST-2018,2.691630643676552,data/split/PC_CHN_RST_2018_531.sort.flt.bam
G4,PC_CHN_RST_2018_558,PC,CHN,RST,2018,558,PUT015rad,NEBNext 29,CAACTA,AGATGTAC,1299626,165965,0.00966165,data/split/PC_CHN_RST_2018_558.sort.flt.bam,RST-2018,3.0126833971017986,data/split/PC_CHN_RST_2018_558.sort.flt.bam
H4,PC_CHN_RST_2018_576,PC,CHN,RST,2018,576,PUT015rad,NEBNext 29,CAACTA,CCTCTATC,1793526,250814,0.0133405,data/split/PC_CHN_RST_2018_576.sort.flt.bam,RST-2018,1.9935091342588531,data/split/PC_CHN_RST_2018_576.sort.flt.bam
A5,PC_CHN_RST_2018_585,PC,CHN,RST,2018,585,PUT015rad,NEBNext 29,CAACTA,AACGTGAT,3657109,467505,0.0269298,data/split/PC_CHN_RST_2018_585.sort.flt.bam,RST-2018,1.0695072779970267,data/split/PC_CHN_RST_2018_585.sort.flt.bam
C5,PC_CHN_RST_2018_612,PC,CHN,RST,2018,612,PUT015rad,NEBNext 29,CAACTA,ATTGAGGA,836983,107968,0.00632647,data/split/PC_CHN_RST_2018_612.sort.flt.bam,RST-2018,4.631001778304683,data/split/PC_CHN_RST_2018_612.sort.flt.bam
F5,PC_CHN_RST_2018_666,PC,CHN,RST,2018,666,PUT015rad,NEBNext 29,CAACTA,TGGAACAA,1154258,150206,0.0087198,data/split/PC_CHN_RST_2018_666.sort.flt.bam,RST-2018,3.328761833748319,data/split/PC_CHN_RST_2018_666.sort.flt.bam
H5,PC_CHN_RST_2018_729,PC,CHN,RST,2018,729,PUT015rad,NEBNext 29,CAACTA,CGACACAC,1864448,230577,0.0133824,data/split/PC_CHN_RST_2018_729.sort.flt.bam,RST-2018,2.168473004679565,data/split/PC_CHN_RST_2018_729.sort.flt.bam
A6,PC_CHN_RST_2018_738,PC,CHN,RST,2018,738,PUT015rad,NEBNext 29,CAACTA,CGCTGATC,7663176,957150,0.0546657,data/split/PC_CHN_RST_2018_738.sort.flt.bam,RST-2018,0.522384161312229,data/downsample/PC_CHN_RST_2018_738.reduced.bam
C6,PC_CHN_RST_2018_828,PC,CHN,RST,2018,828,PUT015rad,NEBNext 29,CAACTA,CAACCACA,1653486,209128,0.0122065,data/split/PC_CHN_RST_2018_828.sort.flt.bam,RST-2018,2.390880226464175,data/split/PC_CHN_RST_2018_828.sort.flt.bam
D6,PC_CHN_RST_2018_837,PC,CHN,RST,2018,837,PUT015rad,NEBNext 29,CAACTA,CGCATACA,852761,103923,0.00614793,data/split/PC_CHN_RST_2018_837.sort.flt.bam,RST-2018,4.811254486494809,data/split/PC_CHN_RST_2018_837.sort.flt.bam
G6,PC_CHN_RST_2018_882,PC,CHN,RST,2018,882,PUT015rad,NEBNext 29,CAACTA,AGCCATGC,1578893,209066,0.0118266,data/split/PC_CHN_RST_2018_882.sort.flt.bam,RST-2018,2.3915892588943204,data/split/PC_CHN_RST_2018_882.sort.flt.bam
H6,PC_CHN_RST_2018_891,PC,CHN,RST,2018,891,PUT015rad,NEBNext 29,CAACTA,CGGATTGC,2034659,254617,0.0146547,data/split/PC_CHN_RST_2018_891.sort.flt.bam,RST-2018,1.9637337648310993,data/split/PC_CHN_RST_2018_891.sort.flt.bam
G7,PC_CHN_RST_2018_981,PC,CHN,RST,2018,981,PUT015rad,NEBNext 29,CAACTA,AGGCTAAC,1248502,153850,0.0087775,data/split/PC_CHN_RST_2018_981.sort.flt.bam,RST-2018,3.249918752031199,data/split/PC_CHN_RST_2018_981.sort.flt.bam
H7,PC_CHN_RST_2018_990,PC,CHN,RST,2018,990,PUT015rad,NEBNext 29,CAACTA,CTAAGGTC,2330115,295681,0.0169855,data/split/PC_CHN_RST_2018_990.sort.flt.bam,RST-2018,1.691011596957532,data/split/PC_CHN_RST_2018_990.sort.flt.bam
A8,PC_CHN_RST_2018_1008,PC,CHN,RST,2018,1008,PUT015rad,NEBNext 29,CAACTA,ATGCCTAA,1985651,251809,0.0142552,data/split/PC_CHN_RST_2018_1008.sort.flt.bam,RST-2018,1.9856319670861644,data/split/PC_CHN_RST_2018_1008.sort.flt.bam
B8,PC_CHN_RST_2018_1017,PC,CHN,RST,2018,1017,PUT015rad,NEBNext 29,CAACTA,ACCTCCAA,924861,121072,0.00707091,data/split/PC_CHN_RST_2018_1017.sort.flt.bam,RST-2018,4.129774018765693,data/split/PC_CHN_RST_2018_1017.sort.flt.bam
C8,PC_CHN_RST_2018_1026,PC,CHN,RST,2018,1026,PUT015rad,NEBNext 29,CAACTA,CAATGGAA,1733546,216220,0.0125699,data/split/PC_CHN_RST_2018_1026.sort.flt.bam,RST-2018,2.312459531958191,data/split/PC_CHN_RST_2018_1026.sort.flt.bam
E8,PC_CHN_RST_2018_1053,PC,CHN,RST,2018,1053,PUT015rad,NEBNext 29,CAACTA,GTACGCAA,969236,121462,0.00707276,data/split/PC_CHN_RST_2018_1053.sort.flt.bam,RST-2018,4.116513806787308,data/split/PC_CHN_RST_2018_1053.sort.flt.bam
A9,PC_CHN_RST_2018_1110,PC,CHN,RST,2018,1110,PUT015rad,NEBNext 29,CAACTA,AACGAACG,1023632,129731,0.0075583,data/split/PC_CHN_RST_2018_1110.sort.flt.bam,RST-2018,3.85412892832091,data/split/PC_CHN_RST_2018_1110.sort.flt.bam
G9,PC_CHN_RST_2018_1174,PC,CHN,RST,2018,1174,PUT015rad,NEBNext 29,CAACTA,ACGACAAG,1265795,160379,0.0087975,data/split/PC_CHN_RST_2018_1174.sort.flt.bam,RST-2018,3.1176151491155326,data/split/PC_CHN_RST_2018_1174.sort.flt.bam
A10,PC_CHN_RST_2018_1201,PC,CHN,RST,2018,1201,PUT015rad,NEBNext 29,CAACTA,AGTACAAG,3243255,380374,0.0217979,data/split/PC_CHN_RST_2018_1201.sort.flt.bam,RST-2018,1.3144957331468503,data/split/PC_CHN_RST_2018_1201.sort.flt.bam
D10,PC_CHN_RST_2018_1237,PC,CHN,RST,2018,1237,PUT015rad,NEBNext 29,CAACTA,GAATCTGA,1389408,167645,0.00976872,data/split/PC_CHN_RST_2018_1237.sort.flt.bam,RST-2018,2.9824927674550388,data/split/PC_CHN_RST_2018_1237.sort.flt.bam
F10,PC_CHN_RST_2018_1282,PC,CHN,RST,2018,1282,PUT015rad,NEBNext 29,CAACTA,AAGAGATC,2797079,357422,0.0206209,data/split/PC_CHN_RST_2018_1282.sort.flt.bam,RST-2018,1.3989066145900364,data/split/PC_CHN_RST_2018_1282.sort.flt.bam
G10,PC_CHN_RST_2018_1291,PC,CHN,RST,2018,1291,PUT015rad,NEBNext 29,CAACTA,ATTGGCTC,923153,113034,0.00662758,data/split/PC_CHN_RST_2018_1291.sort.flt.bam,RST-2018,4.4234478121627125,data/split/PC_CHN_RST_2018_1291.sort.flt.bam
H10,PC_CHN_RST_2018_1300,PC,CHN,RST,2018,1300,PUT015rad,NEBNext 29,CAACTA,GAGTTAGC,2907477,352552,0.0204366,data/split/PC_CHN_RST_2018_1300.sort.flt.bam,RST-2018,1.4182305021670565,data/split/PC_CHN_RST_2018_1300.sort.flt.bam
A11,PC_CHN_RST_2018_1309,PC,CHN,RST,2018,1309,PUT015rad,NEBNext 29,CAACTA,CATCAAGT,1635889,197272,0.0114882,data/split/PC_CHN_RST_2018_1309.sort.flt.bam,RST-2018,2.5345715560241695,data/split/PC_CHN_RST_2018_1309.sort.flt.bam
H11,PC_CHN_RST_2018_1445,PC,CHN,RST,2018,1445,PUT015rad,NEBNext 29,CAACTA,GATGAATC,3370153,430118,0.0245375,data/split/PC_CHN_RST_2018_1445.sort.flt.bam,RST-2018,1.1624716938142556,data/split/PC_CHN_RST_2018_1445.sort.flt.bam
A12,PC_CHN_RST_2018_1454,PC,CHN,RST,2018,1454,PUT015rad,NEBNext 29,CAACTA,AGTGGTCA,1864428,238081,0.0136217,data/split/PC_CHN_RST_2018_1454.sort.flt.bam,RST-2018,2.1001255875101332,data/split/PC_CHN_RST_2018_1454.sort.flt.bam
F12,PC_CHN_RST_2018_1508,PC,CHN,RST,2018,1508,PUT015rad,NEBNext 29,CAACTA,AATCCGTC,1502503,187040,0.0108562,data/split/PC_CHN_RST_2018_1508.sort.flt.bam,RST-2018,2.6732249786142,data/split/PC_CHN_RST_2018_1508.sort.flt.bam
H12,PC_CHN_RST_2018_1537,PC,CHN,RST,2018,1537,PUT015rad,NEBNext 29,CAACTA,GCCAAGAC,1375712,175182,0.0101828,data/split/PC_CHN_RST_2018_1537.sort.flt.bam,RST-2018,2.8541745156465845,data/split/PC_CHN_RST_2018_1537.sort.flt.bam
A1,PC_CHN_RST_2018_1546,PC,CHN,RST,2018,1546,PUT016rad,NEBNext 33,CAGGCG,ACAAGCTA,997089,222176,0.0126931,data/split/PC_CHN_RST_2018_1546.sort.flt.bam,RST-2018,2.250468097364252,data/split/PC_CHN_RST_2018_1546.sort.flt.bam
B1,PC_CHN_RST_2018_1564,PC,CHN,RST,2018,1564,PUT016rad,NEBNext 33,CAGGCG,AACAACCA,669391,149056,0.00856285,data/split/PC_CHN_RST_2018_1564.sort.flt.bam,RST-2018,3.354443967367969,data/split/PC_CHN_RST_2018_1564.sort.flt.bam
C1,PC_CHN_RST_2018_1582,PC,CHN,RST,2018,1582,PUT016rad,NEBNext 33,CAGGCG,AGATCGCA,1797575,383359,0.0216182,data/split/PC_CHN_RST_2018_1582.sort.flt.bam,RST-2018,1.304260497340613,data/split/PC_CHN_RST_2018_1582.sort.flt.bam
G1,PC_CHN_RST_2018_1619,PC,CHN,RST,2018,1619,PUT016rad,NEBNext 33,CAGGCG,AATGTTGC,1213777,267555,0.0151309,data/split/PC_CHN_RST_2018_1619.sort.flt.bam,RST-2018,1.868774644465624,data/split/PC_CHN_RST_2018_1619.sort.flt.bam
A2,PC_CHN_RST_2018_1636,PC,CHN,RST,2018,1636,PUT016rad,NEBNext 33,CAGGCG,AAACATCG,1701185,374335,0.021292,data/split/PC_CHN_RST_2018_1636.sort.flt.bam,RST-2018,1.3357019781746298,data/split/PC_CHN_RST_2018_1636.sort.flt.bam
C2,PC_CHN_RST_2018_1654,PC,CHN,RST,2018,1654,PUT016rad,NEBNext 33,CAGGCG,AGCAGGAA,1255664,254723,0.0146908,data/split/PC_CHN_RST_2018_1654.sort.flt.bam,RST-2018,1.9629165799711843,data/split/PC_CHN_RST_2018_1654.sort.flt.bam
D2,PC_CHN_RST_2018_1672,PC,CHN,RST,2018,1672,PUT016rad,NEBNext 33,CAGGCG,CCGTGAGA,793435,173967,0.00996099,data/split/PC_CHN_RST_2018_1672.sort.flt.bam,RST-2018,2.8741083078974747,data/split/PC_CHN_RST_2018_1672.sort.flt.bam
F2,PC_CHN_RST_2018_1699,PC,CHN,RST,2018,1699,PUT016rad,NEBNext 33,CAGGCG,TCCGTCTA,598187,129552,0.00750137,data/split/PC_CHN_RST_2018_1699.sort.flt.bam,RST-2018,3.859454118809435,data/split/PC_CHN_RST_2018_1699.sort.flt.bam
B3,PC_CHN_RST_2018_1735,PC,CHN,RST,2018,1735,PUT016rad,NEBNext 33,CAGGCG,AACGCTTA,614076,132035,0.00755612,data/split/PC_CHN_RST_2018_1735.sort.flt.bam,RST-2018,3.7868746923164314,data/split/PC_CHN_RST_2018_1735.sort.flt.bam
C3,PC_CHN_RST_2018_1744,PC,CHN,RST,2018,1744,PUT016rad,NEBNext 33,CAGGCG,AGTCACTA,1745321,358594,0.0204758,data/split/PC_CHN_RST_2018_1744.sort.flt.bam,RST-2018,1.3943345398974885,data/split/PC_CHN_RST_2018_1744.sort.flt.bam
E3,PC_CHN_RST_2018_1762,PC,CHN,RST,2018,1762,PUT016rad,NEBNext 33,CAGGCG,GCGAGTAA,605509,126142,0.00730279,data/split/PC_CHN_RST_2018_1762.sort.flt.bam,RST-2018,3.96378684339871,data/split/PC_CHN_RST_2018_1762.sort.flt.bam
F3,PC_CHN_RST_2018_1771,PC,CHN,RST,2018,1771,PUT016rad,NEBNext 33,CAGGCG,TCTTCACA,1288144,273370,0.0155945,data/split/PC_CHN_RST_2018_1771.sort.flt.bam,RST-2018,1.829022935947617,data/split/PC_CHN_RST_2018_1771.sort.flt.bam
G3,PC_CHN_RST_2018_1780,PC,CHN,RST,2018,1780,PUT016rad,NEBNext 33,CAGGCG,ACAGATTC,1382072,295678,0.0169076,data/split/PC_CHN_RST_2018_1780.sort.flt.bam,RST-2018,1.6910287542529374,data/split/PC_CHN_RST_2018_1780.sort.flt.bam
H3,PC_CHN_RST_2018_1789,PC,CHN,RST,2018,1789,PUT016rad,NEBNext 33,CAGGCG,AGTCAAGC,1016399,212618,0.0122737,data/split/PC_CHN_RST_2018_1789.sort.flt.bam,RST-2018,2.3516353272065396,data/split/PC_CHN_RST_2018_1789.sort.flt.bam
C4,PC_CHN_RST_2018_1834,PC,CHN,RST,2018,1834,PUT016rad,NEBNext 33,CAGGCG,ATCCTGTA,1276437,269901,0.0154274,data/split/PC_CHN_RST_2018_1834.sort.flt.bam,RST-2018,1.8525311132600473,data/split/PC_CHN_RST_2018_1834.sort.flt.bam
D4,PC_CHN_RST_2018_1952,PC,CHN,RST,2018,1952,PUT016rad,NEBNext 33,CAGGCG,CGAACTTA,530359,113477,0.00661243,data/split/PC_CHN_RST_2018_1952.sort.flt.bam,RST-2018,4.406179225746186,data/split/PC_CHN_RST_2018_1952.sort.flt.bam
E4,PC_CHN_RST_2018_1853,PC,CHN,RST,2018,1853,PUT016rad,NEBNext 33,CAGGCG,GCTAACGA,531282,111842,0.00628574,data/split/PC_CHN_RST_2018_1853.sort.flt.bam,RST-2018,4.470592442910535,data/split/PC_CHN_RST_2018_1853.sort.flt.bam
F4,PC_CHN_RST_2018_1871,PC,CHN,RST,2018,1871,PUT016rad,NEBNext 33,CAGGCG,TGAAGAGA,1014531,212246,0.0122156,data/split/PC_CHN_RST_2018_1871.sort.flt.bam,RST-2018,2.355756998954044,data/split/PC_CHN_RST_2018_1871.sort.flt.bam
G4,PC_CHN_RST_2018_1880,PC,CHN,RST,2018,1880,PUT016rad,NEBNext 33,CAGGCG,AGATGTAC,734131,153893,0.00894841,data/split/PC_CHN_RST_2018_1880.sort.flt.bam,RST-2018,3.2490106762490822,data/split/PC_CHN_RST_2018_1880.sort.flt.bam
H4,PC_CHN_RST_2018_1898,PC,CHN,RST,2018,1898,PUT016rad,NEBNext 33,CAGGCG,CCTCTATC,1599656,329015,0.0188452,data/split/PC_CHN_RST_2018_1898.sort.flt.bam,RST-2018,1.5196875522392597,data/split/PC_CHN_RST_2018_1898.sort.flt.bam
A5,PC_CHN_RST_2018_1970,PC,CHN,RST,2018,1970,PUT016rad,NEBNext 33,CAGGCG,AACGTGAT,2103231,438644,0.0251226,data/split/PC_CHN_RST_2018_1970.sort.flt.bam,RST-2018,1.1398765285744248,data/split/PC_CHN_RST_2018_1970.sort.flt.bam
B5,PC_CHN_RST_2018_2079,PC,CHN,RST,2018,2079,PUT016rad,NEBNext 33,CAGGCG,AAGGTACA,532467,113598,0.00638288,data/split/PC_CHN_RST_2018_2079.sort.flt.bam,RST-2018,4.4014859416539025,data/split/PC_CHN_RST_2018_2079.sort.flt.bam
C5,PC_CHN_RST_2018_2133,PC,CHN,RST,2018,2133,PUT016rad,NEBNext 33,CAGGCG,ATTGAGGA,568614,125755,0.0072739,data/split/PC_CHN_RST_2018_2133.sort.flt.bam,RST-2018,3.975985050296211,data/split/PC_CHN_RST_2018_2133.sort.flt.bam
D5,PC_CHN_RST_2018_2151,PC,CHN,RST,2018,2151,PUT016rad,NEBNext 33,CAGGCG,CGACTGGA,883327,180594,0.0105073,data/split/PC_CHN_RST_2018_2151.sort.flt.bam,RST-2018,2.7686412616144502,data/split/PC_CHN_RST_2018_2151.sort.flt.bam
F5,PC_CHN_RST_2018_2178,PC,CHN,RST,2018,2178,PUT016rad,NEBNext 33,CAGGCG,TGGAACAA,597570,128781,0.00743336,data/split/PC_CHN_RST_2018_2178.sort.flt.bam,RST-2018,3.8825603155745023,data/split/PC_CHN_RST_2018_2178.sort.flt.bam
G5,PC_CHN_RST_2018_2187,PC,CHN,RST,2018,2187,PUT016rad,NEBNext 33,CAGGCG,AGCACCTC,1101012,233395,0.0133047,data/split/PC_CHN_RST_2018_2187.sort.flt.bam,RST-2018,2.1422909659589964,data/split/PC_CHN_RST_2018_2187.sort.flt.bam
H5,PC_CHN_RST_2018_2196,PC,CHN,RST,2018,2196,PUT016rad,NEBNext 33,CAGGCG,CGACACAC,1410411,300035,0.0170078,data/split/PC_CHN_RST_2018_2196.sort.flt.bam,RST-2018,1.666472244904761,data/split/PC_CHN_RST_2018_2196.sort.flt.bam
A6,PC_CHN_RST_2018_2241,PC,CHN,RST,2018,2241,PUT016rad,NEBNext 33,CAGGCG,CGCTGATC,3274873,701384,0.0392741,data/split/PC_CHN_RST_2018_2241.sort.flt.bam,RST-2018,0.7128762560879632,data/downsample/PC_CHN_RST_2018_2241.reduced.bam
B6,PC_CHN_RST_2018_2259,PC,CHN,RST,2018,2259,PUT016rad,NEBNext 33,CAGGCG,ACACAGAA,525179,117980,0.00671311,data/split/PC_CHN_RST_2018_2259.sort.flt.bam,RST-2018,4.238006441769792,data/split/PC_CHN_RST_2018_2259.sort.flt.bam
C6,PC_CHN_RST_2018_2277,PC,CHN,RST,2018,2277,PUT016rad,NEBNext 33,CAGGCG,CAACCACA,592453,126208,0.00730413,data/split/PC_CHN_RST_2018_2277.sort.flt.bam,RST-2018,3.961713995943205,data/split/PC_CHN_RST_2018_2277.sort.flt.bam
D6,PC_CHN_RST_2018_2295,PC,CHN,RST,2018,2295,PUT016rad,NEBNext 33,CAGGCG,CGCATACA,509408,110858,0.00641907,data/split/PC_CHN_RST_2018_2295.sort.flt.bam,RST-2018,4.510274405094806,data/split/PC_CHN_RST_2018_2295.sort.flt.bam
E6,PC_CHN_RST_2018_2322,PC,CHN,RST,2018,2322,PUT016rad,NEBNext 33,CAGGCG,GGAGAACA,572770,122392,0.00706997,data/split/PC_CHN_RST_2018_2322.sort.flt.bam,RST-2018,4.085234329041114,data/split/PC_CHN_RST_2018_2322.sort.flt.bam
G6,PC_CHN_RST_2018_2410,PC,CHN,RST,2018,2410,PUT016rad,NEBNext 33,CAGGCG,AGCCATGC,1292683,267623,0.0153547,data/split/PC_CHN_RST_2018_2410.sort.flt.bam,RST-2018,1.868299809807079,data/split/PC_CHN_RST_2018_2410.sort.flt.bam
H6,PC_CHN_RST_2018_2428,PC,CHN,RST,2018,2428,PUT016rad,NEBNext 33,CAGGCG,CGGATTGC,1288857,261716,0.0151242,data/split/PC_CHN_RST_2018_2428.sort.flt.bam,RST-2018,1.910467835363524,data/split/PC_CHN_RST_2018_2428.sort.flt.bam
A7,PC_CHN_RST_2018_2437,PC,CHN,RST,2018,2437,PUT016rad,NEBNext 33,CAGGCG,CAGATCTG,2164242,458823,0.0260925,data/split/PC_CHN_RST_2018_2437.sort.flt.bam,RST-2018,1.0897448471414903,data/split/PC_CHN_RST_2018_2437.sort.flt.bam
B7,PC_CHN_RST_2018_2465,PC,CHN,RST,2018,2465,PUT016rad,NEBNext 33,CAGGCG,ACAGCAGA,512426,103923,0.00601941,data/split/PC_CHN_RST_2018_2465.sort.flt.bam,RST-2018,4.811254486494809,data/split/PC_CHN_RST_2018_2465.sort.flt.bam
C7,PC_CHN_RST_2018_2474,PC,CHN,RST,2018,2474,PUT016rad,NEBNext 33,CAGGCG,CAAGACTA,782257,161865,0.00936124,data/split/PC_CHN_RST_2018_2474.sort.flt.bam,RST-2018,3.0889939146819883,data/split/PC_CHN_RST_2018_2474.sort.flt.bam
D7,PC_CHN_RST_2018_2483,PC,CHN,RST,2018,2483,PUT016rad,NEBNext 33,CAGGCG,CTCAATGA,654231,136309,0.00788361,data/split/PC_CHN_RST_2018_2483.sort.flt.bam,RST-2018,3.668136366637566,data/split/PC_CHN_RST_2018_2483.sort.flt.bam
