Well,SampleName,Trib,Species,Method,Year,Number,PlateName,PlateBarcodeName,PlateBarcodeSeq,SampleBarcode,ReadCount,Aligned,Filtered,Coverage
A1,PC_CHN_CS_2020-020,PC,CHN,CS,2020,020,PUT017rad,NEBNext 34,CATGGC,ACAAGCTA,25014,NA,NA,NA
B1,PC_CHN_CS_2020-022,PC,CHN,CS,2020,022,PUT017rad,NEBNext 34,CATGGC,AACAACCA,13102,NA,NA,NA
C1,PC_CHN_CS_2020-023,PC,CHN,CS,2020,023,PUT017rad,NEBNext 34,CATGGC,AGATCGCA,57518,NA,NA,NA
D1,PC_CHN_CS_2020-024,PC,CHN,CS,2020,024,PUT017rad,NEBNext 34,CATGGC,CCGAAGTA,3506,NA,NA,NA
E1,PC_CHN_CS_2020-026,PC,CHN,CS,2020,026,PUT017rad,NEBNext 34,CATGGC,GATAGACA,7730,NA,NA,NA
F1,PC_CHN_CS_2020-027,PC,CHN,CS,2020,027,PUT017rad,NEBNext 34,CATGGC,TATCAGCA,25538,NA,NA,NA
G1,PC_CHN_CS_2020-028,PC,CHN,CS,2020,028,PUT017rad,NEBNext 34,CATGGC,AATGTTGC,49966,NA,NA,NA
H1,PC_CHN_CS_2020-029,PC,CHN,CS,2020,029,PUT017rad,NEBNext 34,CATGGC,CCATCCTC,31592,NA,NA,NA
A2,PC_CHN_CS_2020-031,PC,CHN,CS,2020,031,PUT017rad,NEBNext 34,CATGGC,AAACATCG,36072,NA,NA,NA
B2,PC_CHN_CS_2020-032,PC,CHN,CS,2020,032,PUT017rad,NEBNext 34,CATGGC,AACCGAGA,6796,NA,NA,NA
C2,PC_CHN_CS_2020-033,PC,CHN,CS,2020,033,PUT017rad,NEBNext 34,CATGGC,AGCAGGAA,21424,NA,NA,NA
D2,PC_CHN_CS_2018_87,PC,CHN,CS,2018,87,PUT017rad,NEBNext 34,CATGGC,CCGTGAGA,17718,NA,NA,NA
E2,PC_CHN_CS_2018_92,PC,CHN,CS,2018,92,PUT017rad,NEBNext 34,CATGGC,GCCACATA,30806,NA,NA,NA
F2,PC_CHN_CS_2020-036,PC,CHN,CS,2020,036,PUT017rad,NEBNext 34,CATGGC,TCCGTCTA,31940,NA,NA,NA
G2,PC_CHN_CS_2020-037,PC,CHN,CS,2020,037,PUT017rad,NEBNext 34,CATGGC,ACACTGAC,55360,NA,NA,NA
H2,PC_CHN_CS_2020-040,PC,CHN,CS,2020,040,PUT017rad,NEBNext 34,CATGGC,CCGACAAC,28630,NA,NA,NA
A3,PC_CHN_CS_2020-041,PC,CHN,CS,2020,041,PUT017rad,NEBNext 34,CATGGC,ACATTGGC,20026,NA,NA,NA
B3,PC_CHN_CS_2020-042,PC,CHN,CS,2020,042,PUT017rad,NEBNext 34,CATGGC,AACGCTTA,9268,NA,NA,NA
C3,PC_CHN_CS_2020-043,PC,CHN,CS,2020,043,PUT017rad,NEBNext 34,CATGGC,AGTCACTA,18078,NA,NA,NA
D3,PC_CHN_CS_2020-044,PC,CHN,CS,2020,044,PUT017rad,NEBNext 34,CATGGC,CCTCCTGA,8392,NA,NA,NA
E3,PC_CHN_CS_2020-045,PC,CHN,CS,2020,045,PUT017rad,NEBNext 34,CATGGC,GCGAGTAA,9888,NA,NA,NA
F3,PC_CHN_CS_2018_94,PC,CHN,CS,2018,94,PUT017rad,NEBNext 34,CATGGC,TCTTCACA,111426,NA,NA,NA
G3,PC_CHN_CS_2018_95,PC,CHN,CS,2018,95,PUT017rad,NEBNext 34,CATGGC,ACAGATTC,74920,NA,NA,NA
H3,PC_CHN_CS_2020-049,PC,CHN,CS,2020,049,PUT017rad,NEBNext 34,CATGGC,AGTCAAGC,35520,NA,NA,NA
A4,PC_CHN_CS_2020-051,PC,CHN,CS,2020,051,PUT017rad,NEBNext 34,CATGGC,ACCACTGT,14200,NA,NA,NA
B4,PC_CHN_CS_2020-052,PC,CHN,CS,2020,052,PUT017rad,NEBNext 34,CATGGC,AAGACGGA,7210,NA,NA,NA
C4,PC_CHN_CS_2020-053,PC,CHN,CS,2020,053,PUT017rad,NEBNext 34,CATGGC,ATCCTGTA,23056,NA,NA,NA
D4,PC_CHN_CS_2020-054,PC,CHN,CS,2020,054,PUT017rad,NEBNext 34,CATGGC,CGAACTTA,21786,NA,NA,NA
E4,PC_CHN_CS_2020-055,PC,CHN,CS,2020,055,PUT017rad,NEBNext 34,CATGGC,GCTAACGA,6786,NA,NA,NA
F4,PC_CHN_CS_2018_108,PC,CHN,CS,2018,108,PUT017rad,NEBNext 34,CATGGC,TGAAGAGA,56322,NA,NA,NA
G4,PC_CHN_CS_2020-057,PC,CHN,CS,2020,057,PUT017rad,NEBNext 34,CATGGC,AGATGTAC,30254,NA,NA,NA
H4,PC_CHN_CS_2018_111,PC,CHN,CS,2018,111,PUT017rad,NEBNext 34,CATGGC,CCTCTATC,92584,NA,NA,NA
A5,PC_CHN_CS_2018_113,PC,CHN,CS,2018,113,PUT017rad,NEBNext 34,CATGGC,AACGTGAT,158870,NA,NA,NA
B5,PC_CHN_CS_2020-060,PC,CHN,CS,2020,060,PUT017rad,NEBNext 34,CATGGC,AAGGTACA,7944,NA,NA,NA
C5,PC_CHN_CS_2020-061,PC,CHN,CS,2020,061,PUT017rad,NEBNext 34,CATGGC,ATTGAGGA,9850,NA,NA,NA
D5,PC_CHN_CS_2018_114,PC,CHN,CS,2018,114,PUT017rad,NEBNext 34,CATGGC,CGACTGGA,35252,NA,NA,NA
E5,PC_CHN_CS_2018_117,PC,CHN,CS,2018,117,PUT017rad,NEBNext 34,CATGGC,GCTCGGTA,16234,NA,NA,NA
F5,PC_CHN_CS_2018_133,PC,CHN,CS,2018,133,PUT017rad,NEBNext 34,CATGGC,TGGAACAA,74860,NA,NA,NA
G5,PC_CHN_CS_2018_161,PC,CHN,CS,2018,161,PUT017rad,NEBNext 34,CATGGC,AGCACCTC,98858,NA,NA,NA
H5,PC_CHN_CS_2020-070,PC,CHN,CS,2020,070,PUT017rad,NEBNext 34,CATGGC,CGACACAC,133054,NA,NA,NA
A6,PC_CHN_CS_2018_1,PC,CHN,CS,2018,1,PUT017rad,NEBNext 34,CATGGC,CGCTGATC,80214,81032,51263,0.00290824
B6,PC_CHN_CS_2018_162,PC,CHN,CS,2018,162,PUT017rad,NEBNext 34,CATGGC,ACACAGAA,23004,NA,NA,NA
C6,PC_CHN_CS_2018_163,PC,CHN,CS,2018,163,PUT017rad,NEBNext 34,CATGGC,CAACCACA,73108,NA,NA,NA
D6,PC_CHN_CS_2018_165,PC,CHN,CS,2018,165,PUT017rad,NEBNext 34,CATGGC,CGCATACA,34830,NA,NA,NA
E6,PC_CHN_CS_2018_166,PC,CHN,CS,2018,166,PUT017rad,NEBNext 34,CATGGC,GGAGAACA,30296,NA,NA,NA
F6,PC_CHN_CS_2018_6,PC,CHN,CS,2018,6,PUT017rad,NEBNext 34,CATGGC,TGGCTTCA,6690,NA,NA,NA
G6,PC_CHN_CS_2018_7,PC,CHN,CS,2018,7,PUT017rad,NEBNext 34,CATGGC,AGCCATGC,24856,NA,NA,NA
H6,PC_CHN_CS_2018_8,PC,CHN,CS,2018,8,PUT017rad,NEBNext 34,CATGGC,CGGATTGC,43062,NA,NA,NA
A7,PC_CHN_CS_2018_10,PC,CHN,CS,2018,10,PUT017rad,NEBNext 34,CATGGC,CAGATCTG,37342,37666,24316,0.00138842
B7,PC_CHN_CS_2018_11,PC,CHN,CS,2018,11,PUT017rad,NEBNext 34,CATGGC,ACAGCAGA,4814,NA,NA,NA
C7,PC_CHN_CS_2018_12,PC,CHN,CS,2018,12,PUT017rad,NEBNext 34,CATGGC,CAAGACTA,26636,NA,NA,NA
D7,PC_CHN_CS_2018_14,PC,CHN,CS,2018,14,PUT017rad,NEBNext 34,CATGGC,CTCAATGA,10274,NA,NA,NA
E7,PC_CHN_CS_2018_171,PC,CHN,CS,2018,171,PUT017rad,NEBNext 34,CATGGC,GGTGCGAA,7670,NA,NA,NA
F7,PC_CHN_CS_2018_16,PC,CHN,CS,2018,16,PUT017rad,NEBNext 34,CATGGC,TGGTGGTA,5162,NA,NA,NA
G7,PC_CHN_CS_2018_18,PC,CHN,CS,2018,18,PUT017rad,NEBNext 34,CATGGC,AGGCTAAC,9946,NA,NA,NA
H7,PC_CHN_CS_2018_19,PC,CHN,CS,2018,19,PUT017rad,NEBNext 34,CATGGC,CTAAGGTC,93212,NA,NA,NA
A8,PC_CHN_CS_2018_20,PC,CHN,CS,2018,20,PUT017rad,NEBNext 34,CATGGC,ATGCCTAA,13234,NA,NA,NA
B8,PC_CHN_CS_2018_21,PC,CHN,CS,2018,21,PUT017rad,NEBNext 34,CATGGC,ACCTCCAA,11726,NA,NA,NA
C8,PC_CHN_CS_2018_173,PC,CHN,CS,2018,173,PUT017rad,NEBNext 34,CATGGC,CAATGGAA,63806,NA,NA,NA
D8,PC_CHN_CS_2018_26,PC,CHN,CS,2018,26,PUT017rad,NEBNext 34,CATGGC,CTGAGCCA,12102,NA,NA,NA
E8,PC_CHN_CS_2017_127B,PC,CHN,CS,2017,127B,PUT017rad,NEBNext 34,CATGGC,GTACGCAA,42878,43143,23880,0.00150231
F8,PC_CHN_CS_2017_131A,PC,CHN,CS,2017,131A,PUT017rad,NEBNext 34,CATGGC,TTCACGCA,97684,98255,45862,0.00277043
G8,PC_CHN_CS_2017_134A,PC,CHN,CS,2017,134A,PUT017rad,NEBNext 34,CATGGC,ATAGCGAC,44854,45166,24570,0.00154403
H8,PC_CHN_CS_2017_139A,PC,CHN,CS,2017,139A,PUT017rad,NEBNext 34,CATGGC,GAACAGGC,69378,70388,22035,0.00111149
A9,PC_CHN_CS_2017_140A,PC,CHN,CS,2017,140A,PUT017rad,NEBNext 34,CATGGC,AACGAACG,48028,48404,26910,0.00168909
B9,PC_CHN_CS_2018_36,PC,CHN,CS,2018,36,PUT017rad,NEBNext 34,CATGGC,ACGCTCGA,4890,NA,NA,NA
C9,PC_CHN_CS_2018_37,PC,CHN,CS,2018,37,PUT017rad,NEBNext 34,CATGGC,CACTTCGA,22626,NA,NA,NA
D9,PC_CHN_CS_2018_38,PC,CHN,CS,2018,38,PUT017rad,NEBNext 34,CATGGC,CTGGCATA,9292,NA,NA,NA
E9,PC_CHN_CS_2017_130B,PC,CHN,CS,2017,130B,PUT017rad,NEBNext 34,CATGGC,GTCGTAGA,7556,7566,2266,8.28734e-5
F9,PC_CHN_CS_2018_43,PC,CHN,CS,2018,43,PUT017rad,NEBNext 34,CATGGC,ACACGAGA,6784,NA,NA,NA
G9,PC_CHN_CS_2018_44,PC,CHN,CS,2018,44,PUT017rad,NEBNext 34,CATGGC,ACGACAAG,2822,NA,NA,NA
H9,PC_CHN_CS_2018_47,PC,CHN,CS,2018,47,PUT017rad,NEBNext 34,CATGGC,GACAGTGC,28438,NA,NA,NA
A10,PC_CHN_CS_2018_48,PC,CHN,CS,2018,48,PUT017rad,NEBNext 34,CATGGC,AGTACAAG,73046,NA,NA,NA
B10,PC_CHN_CS_2018_50,PC,CHN,CS,2018,50,PUT017rad,NEBNext 34,CATGGC,ACGTATCA,5498,NA,NA,NA
C10,PC_CHN_CS_2018_52,PC,CHN,CS,2018,52,PUT017rad,NEBNext 34,CATGGC,CAGCGTTA,5026,NA,NA,NA
D10,PC_CHN_CS_2018_62,PC,CHN,CS,2018,62,PUT017rad,NEBNext 34,CATGGC,GAATCTGA,29450,NA,NA,NA
E10,PC_CHN_CS_2018_71,PC,CHN,CS,2018,71,PUT017rad,NEBNext 34,CATGGC,GTCTGTCA,4054,NA,NA,NA
F10,PC_CHN_CS_2018_72,PC,CHN,CS,2018,72,PUT017rad,NEBNext 34,CATGGC,AAGAGATC,27008,NA,NA,NA
G10,PC_CHN_CS_2018_74,PC,CHN,CS,2018,74,PUT017rad,NEBNext 34,CATGGC,ATTGGCTC,23640,NA,NA,NA
H10,PC_CHN_CS_2018_77,PC,CHN,CS,2018,77,PUT017rad,NEBNext 34,CATGGC,GAGTTAGC,26268,NA,NA,NA
A11,PC_CHN_CS_2018_78,PC,CHN,CS,2018,78,PUT017rad,NEBNext 34,CATGGC,CATCAAGT,26470,NA,NA,NA
B11,PC_CHN_CS_2018_79,PC,CHN,CS,2018,79,PUT017rad,NEBNext 34,CATGGC,ACTATGCA,2010,NA,NA,NA
C11,PC_CHN_CS_2018_80,PC,CHN,CS,2018,80,PUT017rad,NEBNext 34,CATGGC,CATACCAA,2222,NA,NA,NA
D11,PC_CHN_CS_2018_81,PC,CHN,CS,2018,81,PUT017rad,NEBNext 34,CATGGC,GACTAGTA,6030,NA,NA,NA
E11,PC_CHN_CS_2018_82,PC,CHN,CS,2018,82,PUT017rad,NEBNext 34,CATGGC,GTGTTCTA,2988,NA,NA,NA
F11,PC_CHN_CS_2020-011,PC,CHN,CS,2020,011,PUT017rad,NEBNext 34,CATGGC,AAGGACAC,60876,NA,NA,NA
G11,PC_CHN_CS_2020-012,PC,CHN,CS,2020,012,PUT017rad,NEBNext 34,CATGGC,CAAGGAGC,28480,NA,NA,NA
H11,PC_CHN_CS_2020-017,PC,CHN,CS,2020,017,PUT017rad,NEBNext 34,CATGGC,GATGAATC,101510,NA,NA,NA
A12,PC_CHN_CS_2020-034,PC,CHN,CS,2020,034,PUT017rad,NEBNext 34,CATGGC,AGTGGTCA,37400,NA,NA,NA
B12,PC_CHN_CS_2020-047,PC,CHN,CS,2020,047,PUT017rad,NEBNext 34,CATGGC,AGAGTCAA,2060,NA,NA,NA
C12,PC_CHN_CS_2020-048,PC,CHN,CS,2020,048,PUT017rad,NEBNext 34,CATGGC,CCAGTTCA,13304,NA,NA,NA
D12,PC_CHN_CS_2020-058,PC,CHN,CS,2020,058,PUT017rad,NEBNext 34,CATGGC,GAGCTGAA,22080,NA,NA,NA
E12,PC_CHN_CS_2020-059,PC,CHN,CS,2020,059,PUT017rad,NEBNext 34,CATGGC,TAGGATGA,12948,NA,NA,NA
F12,PC_CHN_CS_2020-062,PC,CHN,CS,2020,062,PUT017rad,NEBNext 34,CATGGC,AATCCGTC,5186,NA,NA,NA
G12,PC_CHN_CS_2021-003,PC,CHN,CS,2021,003,PUT017rad,NEBNext 34,CATGGC,CACCTTAC,6378,NA,NA,NA
H12,PC_CHN_CS_2021-004,PC,CHN,CS,2021,004,PUT017rad,NEBNext 34,CATGGC,GCCAAGAC,9132,NA,NA,NA
A1,PC_CHN_RST_2021_3,PC,CHN,RST,2021,3,PUT018rad,NEBNext 35,CATTTT,ACAAGCTA,205980,NA,NA,NA
B1,PC_CHN_RST_2021_8,PC,CHN,RST,2021,8,PUT018rad,NEBNext 35,CATTTT,AACAACCA,73280,NA,NA,NA
C1,PC_CHN_RST_2021_13,PC,CHN,RST,2021,13,PUT018rad,NEBNext 35,CATTTT,AGATCGCA,143646,NA,NA,NA
D1,PC_CHN_RST_2021_18,PC,CHN,RST,2021,18,PUT018rad,NEBNext 35,CATTTT,CCGAAGTA,14798,NA,NA,NA
E1,PC_CHN_RST_2021_23,PC,CHN,RST,2021,23,PUT018rad,NEBNext 35,CATTTT,GATAGACA,45652,NA,NA,NA
F1,PC_CHN_RST_2021_28,PC,CHN,RST,2021,28,PUT018rad,NEBNext 35,CATTTT,TATCAGCA,95352,NA,NA,NA
G1,PC_CHN_RST_2021_33,PC,CHN,RST,2021,33,PUT018rad,NEBNext 35,CATTTT,AATGTTGC,109902,NA,NA,NA
H1,PC_CHN_RST_2021_38,PC,CHN,RST,2021,38,PUT018rad,NEBNext 35,CATTTT,CCATCCTC,68128,NA,NA,NA
A2,PC_CHN_RST_2021_43,PC,CHN,RST,2021,43,PUT018rad,NEBNext 35,CATTTT,AAACATCG,242518,NA,NA,NA
B2,PC_CHN_RST_2021_48,PC,CHN,RST,2021,48,PUT018rad,NEBNext 35,CATTTT,AACCGAGA,34490,NA,NA,NA
C2,PC_CHN_RST_2021_53,PC,CHN,RST,2021,53,PUT018rad,NEBNext 35,CATTTT,AGCAGGAA,100220,NA,NA,NA
D2,PC_CHN_RST_2021_58,PC,CHN,RST,2021,58,PUT018rad,NEBNext 35,CATTTT,CCGTGAGA,51046,NA,NA,NA
E2,PC_CHN_RST_2021_63,PC,CHN,RST,2021,63,PUT018rad,NEBNext 35,CATTTT,GCCACATA,35174,NA,NA,NA
F2,PC_CHN_RST_2021_80,PC,CHN,RST,2021,80,PUT018rad,NEBNext 35,CATTTT,TCCGTCTA,88558,NA,NA,NA
G2,PC_CHN_RST_2021_85,PC,CHN,RST,2021,85,PUT018rad,NEBNext 35,CATTTT,ACACTGAC,111370,NA,NA,NA
H2,PC_CHN_RST_2021_90,PC,CHN,RST,2021,90,PUT018rad,NEBNext 35,CATTTT,CCGACAAC,90004,NA,NA,NA
A3,PC_CHN_RST_2021_95,PC,CHN,RST,2021,95,PUT018rad,NEBNext 35,CATTTT,ACATTGGC,175144,NA,NA,NA
B3,PC_CHN_RST_2021_100,PC,CHN,RST,2021,100,PUT018rad,NEBNext 35,CATTTT,AACGCTTA,47482,NA,NA,NA
C3,PC_CHN_RST_2021_211,PC,CHN,RST,2021,211,PUT018rad,NEBNext 35,CATTTT,AGTCACTA,106952,NA,NA,NA
D3,PC_CHN_RST_2021_216,PC,CHN,RST,2021,216,PUT018rad,NEBNext 35,CATTTT,CCTCCTGA,61622,NA,NA,NA
E3,PC_CHN_RST_2021_221,PC,CHN,RST,2021,221,PUT018rad,NEBNext 35,CATTTT,GCGAGTAA,43824,NA,NA,NA
F3,PC_CHN_RST_2021_226,PC,CHN,RST,2021,226,PUT018rad,NEBNext 35,CATTTT,TCTTCACA,132196,NA,NA,NA
G3,PC_CHN_RST_2021_231,PC,CHN,RST,2021,231,PUT018rad,NEBNext 35,CATTTT,ACAGATTC,175522,NA,NA,NA
H3,PC_CHN_RST_2021_313,PC,CHN,RST,2021,313,PUT018rad,NEBNext 35,CATTTT,AGTCAAGC,69726,NA,NA,NA
A4,PC_CHN_RST_2021_318,PC,CHN,RST,2021,318,PUT018rad,NEBNext 35,CATTTT,ACCACTGT,140452,NA,NA,NA
B4,PC_CHN_RST_2021_323,PC,CHN,RST,2021,323,PUT018rad,NEBNext 35,CATTTT,AAGACGGA,61022,NA,NA,NA
C4,PC_CHN_RST_2021_328,PC,CHN,RST,2021,328,PUT018rad,NEBNext 35,CATTTT,ATCCTGTA,102012,NA,NA,NA
D4,PC_CHN_RST_2021_394,PC,CHN,RST,2021,394,PUT018rad,NEBNext 35,CATTTT,CGAACTTA,108426,NA,NA,NA
E4,PC_CHN_RST_2021_399,PC,CHN,RST,2021,399,PUT018rad,NEBNext 35,CATTTT,GCTAACGA,33316,NA,NA,NA
F4,PC_CHN_RST_2021_404,PC,CHN,RST,2021,404,PUT018rad,NEBNext 35,CATTTT,TGAAGAGA,89548,NA,NA,NA
G4,PC_CHN_RST_2021_409,PC,CHN,RST,2021,409,PUT018rad,NEBNext 35,CATTTT,AGATGTAC,69036,NA,NA,NA
H4,PC_CHN_RST_2021_414,PC,CHN,RST,2021,414,PUT018rad,NEBNext 35,CATTTT,CCTCTATC,269366,NA,NA,NA
A5,PC_CHN_RST_2021_419,PC,CHN,RST,2021,419,PUT018rad,NEBNext 35,CATTTT,AACGTGAT,342640,NA,NA,NA
B5,PC_CHN_RST_2021_424,PC,CHN,RST,2021,424,PUT018rad,NEBNext 35,CATTTT,AAGGTACA,46906,NA,NA,NA
C5,PC_CHN_RST_2021_429,PC,CHN,RST,2021,429,PUT018rad,NEBNext 35,CATTTT,ATTGAGGA,89482,NA,NA,NA
D5,PC_CHN_RST_2021_434,PC,CHN,RST,2021,434,PUT018rad,NEBNext 35,CATTTT,CGACTGGA,75698,NA,NA,NA
E5,PC_CHN_RST_2021_439,PC,CHN,RST,2021,439,PUT018rad,NEBNext 35,CATTTT,GCTCGGTA,44206,NA,NA,NA
F5,PC_CHN_RST_2021_499,PC,CHN,RST,2021,499,PUT018rad,NEBNext 35,CATTTT,TGGAACAA,101074,NA,NA,NA
G5,PC_CHN_RST_2021_504,PC,CHN,RST,2021,504,PUT018rad,NEBNext 35,CATTTT,AGCACCTC,178882,NA,NA,NA
H5,PC_CHN_RST_2021_509,PC,CHN,RST,2021,509,PUT018rad,NEBNext 35,CATTTT,CGACACAC,247120,NA,NA,NA
A6,PC_CHN_RST_2021_514,PC,CHN,RST,2021,514,PUT018rad,NEBNext 35,CATTTT,CGCTGATC,586914,NA,NA,NA
B6,PC_CHN_RST_2021_519,PC,CHN,RST,2021,519,PUT018rad,NEBNext 35,CATTTT,ACACAGAA,38574,NA,NA,NA
C6,PC_CHN_RST_2021_603,PC,CHN,RST,2021,603,PUT018rad,NEBNext 35,CATTTT,CAACCACA,116596,NA,NA,NA
D6,PC_CHN_RST_2021_608,PC,CHN,RST,2021,608,PUT018rad,NEBNext 35,CATTTT,CGCATACA,53268,NA,NA,NA
E6,PC_CHN_RST_2021_613,PC,CHN,RST,2021,613,PUT018rad,NEBNext 35,CATTTT,GGAGAACA,42730,NA,NA,NA
F6,PC_CHN_RST_2021_618,PC,CHN,RST,2021,618,PUT018rad,NEBNext 35,CATTTT,TGGCTTCA,42592,NA,NA,NA
G6,PC_CHN_RST_2021_693,PC,CHN,RST,2021,693,PUT018rad,NEBNext 35,CATTTT,AGCCATGC,105336,NA,NA,NA
H6,PC_CHN_RST_2021_698,PC,CHN,RST,2021,698,PUT018rad,NEBNext 35,CATTTT,CGGATTGC,164458,NA,NA,NA
A7,PC_CHN_RST_2021_703,PC,CHN,RST,2021,703,PUT018rad,NEBNext 35,CATTTT,CAGATCTG,352844,NA,NA,NA
B7,PC_CHN_RST_2021_708,PC,CHN,RST,2021,708,PUT018rad,NEBNext 35,CATTTT,ACAGCAGA,36514,NA,NA,NA
C7,PC_CHN_RST_2021_713,PC,CHN,RST,2021,713,PUT018rad,NEBNext 35,CATTTT,CAAGACTA,61126,NA,NA,NA
D7,PC_CHN_RST_2021_765,PC,CHN,RST,2021,765,PUT018rad,NEBNext 35,CATTTT,CTCAATGA,54874,NA,NA,NA
E7,PC_CHN_RST_2021_770,PC,CHN,RST,2021,770,PUT018rad,NEBNext 35,CATTTT,GGTGCGAA,28412,NA,NA,NA
F7,PC_CHN_RST_2021_775,PC,CHN,RST,2021,775,PUT018rad,NEBNext 35,CATTTT,TGGTGGTA,28872,NA,NA,NA
G7,PC_CHN_RST_2021_780,PC,CHN,RST,2021,780,PUT018rad,NEBNext 35,CATTTT,AGGCTAAC,70060,NA,NA,NA
H7,PC_CHN_RST_2021_818,PC,CHN,RST,2021,818,PUT018rad,NEBNext 35,CATTTT,CTAAGGTC,233998,NA,NA,NA
A8,PC_CHN_RST_2021_823,PC,CHN,RST,2021,823,PUT018rad,NEBNext 35,CATTTT,ATGCCTAA,105742,NA,NA,NA
B8,PC_CHN_RST_2021_828,PC,CHN,RST,2021,828,PUT018rad,NEBNext 35,CATTTT,ACCTCCAA,58418,NA,NA,NA
C8,PC_CHN_RST_2021_833,PC,CHN,RST,2021,833,PUT018rad,NEBNext 35,CATTTT,CAATGGAA,102776,NA,NA,NA
D8,PC_CHN_RST_2021_838,PC,CHN,RST,2021,838,PUT018rad,NEBNext 35,CATTTT,CTGAGCCA,150588,NA,NA,NA
E8,PC_CHN_RST_2021_843,PC,CHN,RST,2021,843,PUT018rad,NEBNext 35,CATTTT,GTACGCAA,67260,NA,NA,NA
F8,PC_CHN_RST_2021_848,PC,CHN,RST,2021,848,PUT018rad,NEBNext 35,CATTTT,TTCACGCA,172412,NA,NA,NA
G8,PC_CHN_RST_2021_853,PC,CHN,RST,2021,853,PUT018rad,NEBNext 35,CATTTT,ATAGCGAC,67486,NA,NA,NA
H8,PC_CHN_RST_2021_858,PC,CHN,RST,2021,858,PUT018rad,NEBNext 35,CATTTT,GAACAGGC,253876,NA,NA,NA
A9,PC_CHN_RST_2021_936,PC,CHN,RST,2021,936,PUT018rad,NEBNext 35,CATTTT,AACGAACG,86174,NA,NA,NA
B9,PC_CHN_RST_2021_941,PC,CHN,RST,2021,941,PUT018rad,NEBNext 35,CATTTT,ACGCTCGA,23078,NA,NA,NA
C9,PC_CHN_RST_2021_946,PC,CHN,RST,2021,946,PUT018rad,NEBNext 35,CATTTT,CACTTCGA,44030,NA,NA,NA
D9,PC_CHN_RST_2021_951,PC,CHN,RST,2021,951,PUT018rad,NEBNext 35,CATTTT,CTGGCATA,90500,NA,NA,NA
E9,PC_CHN_RST_2021_956,PC,CHN,RST,2021,956,PUT018rad,NEBNext 35,CATTTT,GTCGTAGA,24314,NA,NA,NA
F9,PC_CHN_RST_2021_1033,PC,CHN,RST,2021,1033,PUT018rad,NEBNext 35,CATTTT,ACACGAGA,43608,NA,NA,NA
G9,PC_CHN_RST_2021_1038,PC,CHN,RST,2021,1038,PUT018rad,NEBNext 35,CATTTT,ACGACAAG,17812,NA,NA,NA
H9,PC_CHN_RST_2021_1043,PC,CHN,RST,2021,1043,PUT018rad,NEBNext 35,CATTTT,GACAGTGC,146714,NA,NA,NA
A10,PC_CHN_RST_2021_1048,PC,CHN,RST,2021,1048,PUT018rad,NEBNext 35,CATTTT,AGTACAAG,225192,NA,NA,NA
B10,PC_CHN_RST_2021_1151,PC,CHN,RST,2021,1151,PUT018rad,NEBNext 35,CATTTT,ACGTATCA,42842,NA,NA,NA
C10,PC_CHN_RST_2021_1156,PC,CHN,RST,2021,1156,PUT018rad,NEBNext 35,CATTTT,CAGCGTTA,47410,NA,NA,NA
D10,PC_CHN_RST_2021_1161,PC,CHN,RST,2021,1161,PUT018rad,NEBNext 35,CATTTT,GAATCTGA,106880,NA,NA,NA
E10,PC_CHN_RST_2021_1166,PC,CHN,RST,2021,1166,PUT018rad,NEBNext 35,CATTTT,GTCTGTCA,31996,NA,NA,NA
F10,PC_CHN_RST_2021_1171,PC,CHN,RST,2021,1171,PUT018rad,NEBNext 35,CATTTT,AAGAGATC,227630,NA,NA,NA
G10,PC_CHN_RST_2021_1266,PC,CHN,RST,2021,1266,PUT018rad,NEBNext 35,CATTTT,ATTGGCTC,50902,NA,NA,NA
H10,PC_CHN_RST_2021_1271,PC,CHN,RST,2021,1271,PUT018rad,NEBNext 35,CATTTT,GAGTTAGC,175054,NA,NA,NA
A11,PC_CHN_RST_2021_1276,PC,CHN,RST,2021,1276,PUT018rad,NEBNext 35,CATTTT,CATCAAGT,122972,NA,NA,NA
B11,PC_CHN_RST_2021_1281,PC,CHN,RST,2021,1281,PUT018rad,NEBNext 35,CATTTT,ACTATGCA,10414,NA,NA,NA
C11,PC_CHN_RST_2021_1286,PC,CHN,RST,2021,1286,PUT018rad,NEBNext 35,CATTTT,CATACCAA,28498,NA,NA,NA
D11,PC_CHN_RST_2021_1376,PC,CHN,RST,2021,1376,PUT018rad,NEBNext 35,CATTTT,GACTAGTA,38648,NA,NA,NA
E11,PC_CHN_RST_2021_1381,PC,CHN,RST,2021,1381,PUT018rad,NEBNext 35,CATTTT,GTGTTCTA,30810,NA,NA,NA
F11,PC_CHN_RST_2021_1386,PC,CHN,RST,2021,1386,PUT018rad,NEBNext 35,CATTTT,AAGGACAC,59364,NA,NA,NA
G11,PC_CHN_RST_2021_1391,PC,CHN,RST,2021,1391,PUT018rad,NEBNext 35,CATTTT,CAAGGAGC,56628,NA,NA,NA
H11,PC_CHN_RST_2021_1396,PC,CHN,RST,2021,1396,PUT018rad,NEBNext 35,CATTTT,GATGAATC,207094,NA,NA,NA
A12,PC_CHN_RST_2021_1444,PC,CHN,RST,2021,1444,PUT018rad,NEBNext 35,CATTTT,AGTGGTCA,123598,NA,NA,NA
B12,PC_CHN_RST_2021_1449,PC,CHN,RST,2021,1449,PUT018rad,NEBNext 35,CATTTT,AGAGTCAA,20450,NA,NA,NA
C12,PC_CHN_RST_2021_1454,PC,CHN,RST,2021,1454,PUT018rad,NEBNext 35,CATTTT,CCAGTTCA,33374,NA,NA,NA
D12,PC_CHN_RST_2021_1459,PC,CHN,RST,2021,1459,PUT018rad,NEBNext 35,CATTTT,GAGCTGAA,69610,NA,NA,NA
E12,PC_CHN_RST_2021_1510,PC,CHN,RST,2021,1510,PUT018rad,NEBNext 35,CATTTT,TAGGATGA,33078,NA,NA,NA
F12,PC_CHN_RST_2021_1515,PC,CHN,RST,2021,1515,PUT018rad,NEBNext 35,CATTTT,AATCCGTC,80154,NA,NA,NA
G12,PC_CHN_RST_2021_1520,PC,CHN,RST,2021,1520,PUT018rad,NEBNext 35,CATTTT,CACCTTAC,61284,NA,NA,NA
H12,PC_CHN_RST_2021_1525,PC,CHN,RST,2021,1525,PUT018rad,NEBNext 35,CATTTT,GCCAAGAC,92484,NA,NA,NA
A1,PC_CHN_RST_2018_404,PC,CHN,RST,2018,404,PUT019rad,NEBNext 36,CCAACA,ACAAGCTA,224254,NA,NA,NA
B1,PC_CHN_RST_2018_413,PC,CHN,RST,2018,413,PUT019rad,NEBNext 36,CCAACA,AACAACCA,57782,NA,NA,NA
C1,PC_CHN_RST_2018_416,PC,CHN,RST,2018,416,PUT019rad,NEBNext 36,CCAACA,AGATCGCA,156392,NA,NA,NA
D1,PC_CHN_RST_2018_422,PC,CHN,RST,2018,422,PUT019rad,NEBNext 36,CCAACA,CCGAAGTA,13716,NA,NA,NA
E1,PC_CHN_RST_2018_1326,PC,CHN,RST,2018,1326,PUT019rad,NEBNext 36,CCAACA,GATAGACA,44996,NA,NA,NA
F1,PC_CHN_RST_2018_440,PC,CHN,RST,2018,440,PUT019rad,NEBNext 36,CCAACA,TATCAGCA,70840,NA,NA,NA
G1,PC_CHN_RST_2018_1344,PC,CHN,RST,2018,1344,PUT019rad,NEBNext 36,CCAACA,AATGTTGC,67696,NA,NA,NA
H1,PC_CHN_RST_2018_1353,PC,CHN,RST,2018,1353,PUT019rad,NEBNext 36,CCAACA,CCATCCTC,35352,NA,NA,NA
A2,PC_CHN_RST_2018_1363,PC,CHN,RST,2018,1363,PUT019rad,NEBNext 36,CCAACA,AAACATCG,130224,NA,NA,NA
B2,PC_CHN_RST_2018_476,PC,CHN,RST,2018,476,PUT019rad,NEBNext 36,CCAACA,AACCGAGA,40986,NA,NA,NA
C2,PC_CHN_RST_2018_485,PC,CHN,RST,2018,485,PUT019rad,NEBNext 36,CCAACA,AGCAGGAA,146038,NA,NA,NA
D2,PC_CHN_RST_2018_494,PC,CHN,RST,2018,494,PUT019rad,NEBNext 36,CCAACA,CCGTGAGA,63556,NA,NA,NA
E2,PC_CHN_RST_2018_503,PC,CHN,RST,2018,503,PUT019rad,NEBNext 36,CCAACA,GCCACATA,35840,NA,NA,NA
F2,PC_CHN_RST_2018_512,PC,CHN,RST,2018,512,PUT019rad,NEBNext 36,CCAACA,TCCGTCTA,81558,NA,NA,NA
G2,PC_CHN_RST_2018_1372,PC,CHN,RST,2018,1372,PUT019rad,NEBNext 36,CCAACA,ACACTGAC,90292,NA,NA,NA
H2,PC_CHN_RST_2018_1399,PC,CHN,RST,2018,1399,PUT019rad,NEBNext 36,CCAACA,CCGACAAC,83236,NA,NA,NA
A3,PC_CHN_RST_2018_539,PC,CHN,RST,2018,539,PUT019rad,NEBNext 36,CCAACA,ACATTGGC,179738,NA,NA,NA
B3,PC_CHN_RST_2018_548,PC,CHN,RST,2018,548,PUT019rad,NEBNext 36,CCAACA,AACGCTTA,49716,NA,NA,NA
C3,PC_CHN_RST_2018_1417,PC,CHN,RST,2018,1417,PUT019rad,NEBNext 36,CCAACA,AGTCACTA,107774,NA,NA,NA
D3,PC_CHN_RST_2018_566,PC,CHN,RST,2018,566,PUT019rad,NEBNext 36,CCAACA,CCTCCTGA,81286,NA,NA,NA
E3,PC_CHN_RST_2018_1435,PC,CHN,RST,2018,1435,PUT019rad,NEBNext 36,CCAACA,GCGAGTAA,40144,NA,NA,NA
F3,PC_CHN_RST_2018_1498,PC,CHN,RST,2018,1498,PUT019rad,NEBNext 36,CCAACA,TCTTCACA,135036,NA,NA,NA
G3,PC_CHN_RST_2018_1526,PC,CHN,RST,2018,1526,PUT019rad,NEBNext 36,CCAACA,ACAGATTC,130576,NA,NA,NA
H3,PC_CHN_RST_2018_602,PC,CHN,RST,2018,602,PUT019rad,NEBNext 36,CCAACA,AGTCAAGC,61812,NA,NA,NA
A4,PC_CHN_RST_2018_1554,PC,CHN,RST,2018,1554,PUT019rad,NEBNext 36,CCAACA,ACCACTGT,140272,NA,NA,NA
B4,PC_CHN_RST_2018_1572,PC,CHN,RST,2018,1572,PUT019rad,NEBNext 36,CCAACA,AAGACGGA,48220,NA,NA,NA
C4,PC_CHN_RST_2018_1644,PC,CHN,RST,2018,1644,PUT019rad,NEBNext 36,CCAACA,ATCCTGTA,104792,NA,NA,NA
D4,PC_CHN_RST_2018_1662,PC,CHN,RST,2018,1662,PUT019rad,NEBNext 36,CCAACA,CGAACTTA,113016,NA,NA,NA
E4,PC_CHN_RST_2018_674,PC,CHN,RST,2018,674,PUT019rad,NEBNext 36,CCAACA,GCTAACGA,49230,NA,NA,NA
F4,PC_CHN_RST_2018_683,PC,CHN,RST,2018,683,PUT019rad,NEBNext 36,CCAACA,TGAAGAGA,129418,NA,NA,NA
G4,PC_CHN_RST_2018_692,PC,CHN,RST,2018,692,PUT019rad,NEBNext 36,CCAACA,AGATGTAC,53480,NA,NA,NA
H4,PC_CHN_RST_2018_701,PC,CHN,RST,2018,701,PUT019rad,NEBNext 36,CCAACA,CCTCTATC,160242,NA,NA,NA
A5,PC_CHN_RST_2018_710,PC,CHN,RST,2018,710,PUT019rad,NEBNext 36,CCAACA,AACGTGAT,389770,NA,NA,NA
B5,PC_CHN_RST_2018_719,PC,CHN,RST,2018,719,PUT019rad,NEBNext 36,CCAACA,AAGGTACA,63606,NA,NA,NA
C5,PC_CHN_RST_2018_1689,PC,CHN,RST,2018,1689,PUT019rad,NEBNext 36,CCAACA,ATTGAGGA,83804,NA,NA,NA
D5,PC_CHN_RST_2018_1806,PC,CHN,RST,2018,1806,PUT019rad,NEBNext 36,CCAACA,CGACTGGA,111306,NA,NA,NA
E5,PC_CHN_RST_2018_746,PC,CHN,RST,2018,746,PUT019rad,NEBNext 36,CCAACA,GCTCGGTA,41084,NA,NA,NA
F5,PC_CHN_RST_2018_755,PC,CHN,RST,2018,755,PUT019rad,NEBNext 36,CCAACA,TGGAACAA,111994,NA,NA,NA
G5,PC_CHN_RST_2018_764,PC,CHN,RST,2018,764,PUT019rad,NEBNext 36,CCAACA,AGCACCTC,150140,NA,NA,NA
H5,PC_CHN_RST_2018_773,PC,CHN,RST,2018,773,PUT019rad,NEBNext 36,CCAACA,CGACACAC,201114,NA,NA,NA
A6,PC_CHN_RST_2018_782,PC,CHN,RST,2018,782,PUT019rad,NEBNext 36,CCAACA,CGCTGATC,702502,NA,NA,NA
B6,PC_CHN_RST_2018_791,PC,CHN,RST,2018,791,PUT019rad,NEBNext 36,CCAACA,ACACAGAA,46782,NA,NA,NA
C6,PC_CHN_RST_2018_800,PC,CHN,RST,2018,800,PUT019rad,NEBNext 36,CCAACA,CAACCACA,166952,NA,NA,NA
D6,PC_CHN_RST_2018_809,PC,CHN,RST,2018,809,PUT019rad,NEBNext 36,CCAACA,CGCATACA,78380,NA,NA,NA
E6,PC_CHN_RST_2018_818,PC,CHN,RST,2018,818,PUT019rad,NEBNext 36,CCAACA,GGAGAACA,54794,NA,NA,NA
F6,PC_CHN_RST_2018_1815,PC,CHN,RST,2018,1815,PUT019rad,NEBNext 36,CCAACA,TGGCTTCA,41250,NA,NA,NA
G6,PC_CHN_RST_2018_1861,PC,CHN,RST,2018,1861,PUT019rad,NEBNext 36,CCAACA,AGCCATGC,61540,NA,NA,NA
H6,PC_CHN_RST_2018_845,PC,CHN,RST,2018,845,PUT019rad,NEBNext 36,CCAACA,CGGATTGC,200776,NA,NA,NA
A7,PC_CHN_RST_2018_854,PC,CHN,RST,2018,854,PUT019rad,NEBNext 36,CCAACA,CAGATCTG,442692,NA,NA,NA
B7,PC_CHN_RST_2018_1888,PC,CHN,RST,2018,1888,PUT019rad,NEBNext 36,CCAACA,ACAGCAGA,38620,NA,NA,NA
C7,PC_CHN_RST_2018_1906,PC,CHN,RST,2018,1906,PUT019rad,NEBNext 36,CCAACA,CAAGACTA,71190,NA,NA,NA
D7,PC_CHN_RST_2018_1915,PC,CHN,RST,2018,1915,PUT019rad,NEBNext 36,CCAACA,CTCAATGA,48138,NA,NA,NA
E7,PC_CHN_RST_2018_1924,PC,CHN,RST,2018,1924,PUT019rad,NEBNext 36,CCAACA,GGTGCGAA,27958,NA,NA,NA
F7,PC_CHN_RST_2018_1933,PC,CHN,RST,2018,1933,PUT019rad,NEBNext 36,CCAACA,TGGTGGTA,29258,NA,NA,NA
G7,PC_CHN_RST_2018_1942,PC,CHN,RST,2018,1942,PUT019rad,NEBNext 36,CCAACA,AGGCTAAC,63428,NA,NA,NA
H7,PC_CHN_RST_2018_917,PC,CHN,RST,2018,917,PUT019rad,NEBNext 36,CCAACA,CTAAGGTC,379010,NA,NA,NA
A8,PC_CHN_RST_2018_926,PC,CHN,RST,2018,926,PUT019rad,NEBNext 36,CCAACA,ATGCCTAA,132894,NA,NA,NA
B8,PC_CHN_RST_2018_935,PC,CHN,RST,2018,935,PUT019rad,NEBNext 36,CCAACA,ACCTCCAA,87536,NA,NA,NA
C8,PC_CHN_RST_2018_1978,PC,CHN,RST,2018,1978,PUT019rad,NEBNext 36,CCAACA,CAATGGAA,113612,NA,NA,NA
D8,PC_CHN_RST_2018_1987,PC,CHN,RST,2018,1987,PUT019rad,NEBNext 36,CCAACA,CTGAGCCA,138692,NA,NA,NA
E8,PC_CHN_RST_2018_1996,PC,CHN,RST,2018,1996,PUT019rad,NEBNext 36,CCAACA,GTACGCAA,82180,NA,NA,NA
F8,PC_CHN_RST_2018_2005,PC,CHN,RST,2018,2005,PUT019rad,NEBNext 36,CCAACA,TTCACGCA,161476,NA,NA,NA
G8,PC_CHN_RST_2018_2020,PC,CHN,RST,2018,2020,PUT019rad,NEBNext 36,CCAACA,ATAGCGAC,58838,NA,NA,NA
H8,PC_CHN_RST_2018_2023,PC,CHN,RST,2018,2023,PUT019rad,NEBNext 36,CCAACA,GAACAGGC,215980,NA,NA,NA
A9,PC_CHN_RST_2018_998,PC,CHN,RST,2018,998,PUT019rad,NEBNext 36,CCAACA,AACGAACG,94306,NA,NA,NA
B9,PC_CHN_RST_2018_2033,PC,CHN,RST,2018,2033,PUT019rad,NEBNext 36,CCAACA,ACGCTCGA,19894,NA,NA,NA
C9,PC_CHN_RST_2018_2042,PC,CHN,RST,2018,2042,PUT019rad,NEBNext 36,CCAACA,CACTTCGA,22502,NA,NA,NA
D9,PC_CHN_RST_2018_2051,PC,CHN,RST,2018,2051,PUT019rad,NEBNext 36,CCAACA,CTGGCATA,82170,NA,NA,NA
E9,PC_CHN_RST_2018_1034,PC,CHN,RST,2018,1034,PUT019rad,NEBNext 36,CCAACA,GTCGTAGA,32938,NA,NA,NA
F9,PC_CHN_RST_2018_2060,PC,CHN,RST,2018,2060,PUT019rad,NEBNext 36,CCAACA,ACACGAGA,58592,NA,NA,NA
G9,PC_CHN_RST_2018_2096,PC,CHN,RST,2018,2096,PUT019rad,NEBNext 36,CCAACA,ACGACAAG,21836,NA,NA,NA
H9,PC_CHN_RST_2018_1061,PC,CHN,RST,2018,1061,PUT019rad,NEBNext 36,CCAACA,GACAGTGC,147252,NA,NA,NA
A10,PC_CHN_RST_2018_1073,PC,CHN,RST,2018,1073,PUT019rad,NEBNext 36,CCAACA,AGTACAAG,212818,NA,NA,NA
B10,PC_CHN_RST_2018_2105,PC,CHN,RST,2018,2105,PUT019rad,NEBNext 36,CCAACA,ACGTATCA,41884,NA,NA,NA
C10,PC_CHN_RST_2018_2114,PC,CHN,RST,2018,2114,PUT019rad,NEBNext 36,CCAACA,CAGCGTTA,41108,NA,NA,NA
D10,PC_CHN_RST_2018_2123,PC,CHN,RST,2018,2123,PUT019rad,NEBNext 36,CCAACA,GAATCTGA,72148,NA,NA,NA
E10,PC_CHN_RST_2018_1127,PC,CHN,RST,2018,1127,PUT019rad,NEBNext 36,CCAACA,GTCTGTCA,50860,NA,NA,NA
F10,PC_CHN_RST_2018_1145,PC,CHN,RST,2018,1145,PUT019rad,NEBNext 36,CCAACA,AAGAGATC,191908,NA,NA,NA
G10,PC_CHN_RST_2018_1191,PC,CHN,RST,2018,1191,PUT019rad,NEBNext 36,CCAACA,ATTGGCTC,50320,NA,NA,NA
H10,PC_CHN_RST_2018_1209,PC,CHN,RST,2018,1209,PUT019rad,NEBNext 36,CCAACA,GAGTTAGC,209940,NA,NA,NA
A11,PC_CHN_RST_2018_1245,PC,CHN,RST,2018,1245,PUT019rad,NEBNext 36,CCAACA,CATCAAGT,142346,NA,NA,NA
B11,PC_CHN_RST_2018_1263,PC,CHN,RST,2018,1263,PUT019rad,NEBNext 36,CCAACA,ACTATGCA,14904,NA,NA,NA
C11,PC_CHN_RST_2018_1272,PC,CHN,RST,2018,1272,PUT019rad,NEBNext 36,CCAACA,CATACCAA,34586,NA,NA,NA
D11,PC_CHN_CS_2021-011,PC,CHN,CS,2021,011,PUT019rad,NEBNext 36,CCAACA,GACTAGTA,45648,NA,NA,NA
E11,PC_CHN_CS_2021-012,PC,CHN,CS,2021,012,PUT019rad,NEBNext 36,CCAACA,GTGTTCTA,20586,NA,NA,NA
F11,PC_CHN_CS_2021-017,PC,CHN,CS,2021,017,PUT019rad,NEBNext 36,CCAACA,AAGGACAC,27024,NA,NA,NA
G11,PC_CHN_CS_2021-018,PC,CHN,CS,2021,018,PUT019rad,NEBNext 36,CCAACA,CAAGGAGC,3042,NA,NA,NA
H11,PC_CHN_CS_2021-022,PC,CHN,CS,2021,022,PUT019rad,NEBNext 36,CCAACA,GATGAATC,257534,NA,NA,NA
A12,PC_CHN_CS_2021-026,PC,CHN,CS,2021,026,PUT019rad,NEBNext 36,CCAACA,AGTGGTCA,169784,NA,NA,NA
B12,PC_CHN_CS_2021-027,PC,CHN,CS,2021,027,PUT019rad,NEBNext 36,CCAACA,AGAGTCAA,33024,NA,NA,NA
C12,PC_CHN_CS_2021-042,PC,CHN,CS,2021,042,PUT019rad,NEBNext 36,CCAACA,CCAGTTCA,2352,NA,NA,NA
D12,PC_CHN_CS_2021-047,PC,CHN,CS,2021,047,PUT019rad,NEBNext 36,CCAACA,GAGCTGAA,4816,NA,NA,NA
E12,PC_CHN_CS_2021-050,PC,CHN,CS,2021,050,PUT019rad,NEBNext 36,CCAACA,TAGGATGA,2028,NA,NA,NA
F12,PC_CHN_CS_2021-053,PC,CHN,CS,2021,053,PUT019rad,NEBNext 36,CCAACA,AATCCGTC,5590,NA,NA,NA
G12,PC_CHN_CS_2021-055,PC,CHN,CS,2021,055,PUT019rad,NEBNext 36,CCAACA,CACCTTAC,4584,NA,NA,NA
H12,PC_CHN_CS_2021-056,PC,CHN,CS,2021,056,PUT019rad,NEBNext 36,CCAACA,GCCAAGAC,225366,NA,NA,NA
A1,PC_CHN_CS_2021-001,PC,CHN,CS,2021,001,PUT020rad,NEBNext 5,ACAGTG,ACAAGCTA,3010640,NA,NA,NA
B1,PC_CHN_CS_2021-002,PC,CHN,CS,2021,002,PUT020rad,NEBNext 5,ACAGTG,AACAACCA,702172,NA,NA,NA
C1,PC_CHN_CS_2017_127D,PC,CHN,CS,2017,127D,PUT020rad,NEBNext 5,ACAGTG,AGATCGCA,2038022,2051278,226575,0.0138449
D1,PC_CHN_CS_2017_136B,PC,CHN,CS,2017,136B,PUT020rad,NEBNext 5,ACAGTG,CCGAAGTA,172178,173304,20028,0.00128108
E1,PC_CHN_CS_2021-005,PC,CHN,CS,2021,005,PUT020rad,NEBNext 5,ACAGTG,GATAGACA,362738,NA,NA,NA
F1,PC_CHN_CS_2021-006,PC,CHN,CS,2021,006,PUT020rad,NEBNext 5,ACAGTG,TATCAGCA,46292,NA,NA,NA
G1,PC_CHN_CS_2021-007,PC,CHN,CS,2021,007,PUT020rad,NEBNext 5,ACAGTG,AATGTTGC,882446,NA,NA,NA
H1,PC_CHN_CS_2021-008,PC,CHN,CS,2021,008,PUT020rad,NEBNext 5,ACAGTG,CCATCCTC,113032,NA,NA,NA
A2,PC_CHN_CS_2021-009,PC,CHN,CS,2021,009,PUT020rad,NEBNext 5,ACAGTG,AAACATCG,830972,NA,NA,NA
B2,PC_CHN_CS_2017_137B,PC,CHN,CS,2017,137B,PUT020rad,NEBNext 5,ACAGTG,AACCGAGA,405326,409704,46072,0.00284349
C2,PC_CHN_CS_2017_139B,PC,CHN,CS,2017,139B,PUT020rad,NEBNext 5,ACAGTG,AGCAGGAA,1230262,1246234,138964,0.00839162
D2,PC_CHN_CS_2017_158A,PC,CHN,CS,2017,158A,PUT020rad,NEBNext 5,ACAGTG,CCGTGAGA,236956,243522,30573,0.00179139
E2,PC_CHN_CS_2021-013,PC,CHN,CS,2021,013,PUT020rad,NEBNext 5,ACAGTG,GCCACATA,551850,NA,NA,NA
F2,PC_CHN_CS_2017_162A,PC,CHN,CS,2017,162A,PUT020rad,NEBNext 5,ACAGTG,TCCGTCTA,933582,958474,121776,0.00703569
G2,PC_CHN_CS_2021-015,PC,CHN,CS,2021,015,PUT020rad,NEBNext 5,ACAGTG,ACACTGAC,1561306,NA,NA,NA
H2,PC_CHN_CS_2017_167A,PC,CHN,CS,2017,167A,PUT020rad,NEBNext 5,ACAGTG,CCGACAAC,456066,479890,64376,0.00356864
A3,PC_CHN_CS_2017_173A,PC,CHN,CS,2017,173A,PUT020rad,NEBNext 5,ACAGTG,ACATTGGC,1523056,1549265,192138,0.0114011
B3,PC_CHN_CS_2017_128C,PC,CHN,CS,2017,128C,PUT020rad,NEBNext 5,ACAGTG,AACGCTTA,725908,734132,83956,0.00513139
C3,PC_CHN_CS_2017_130C,PC,CHN,CS,2017,130C,PUT020rad,NEBNext 5,ACAGTG,AGTCACTA,1061172,1069510,122926,0.00753843
D3,PC_CHN_CS_2017_135C,PC,CHN,CS,2017,135C,PUT020rad,NEBNext 5,ACAGTG,CCTCCTGA,87160,87607,5211,2.33956e-4
E3,PC_CHN_CS_2017_137C,PC,CHN,CS,2017,137C,PUT020rad,NEBNext 5,ACAGTG,GCGAGTAA,105906,107398,8772,4.67099e-4
F3,PC_CHN_CS_2017_138C,PC,CHN,CS,2017,138C,PUT020rad,NEBNext 5,ACAGTG,TCTTCACA,1928876,1956757,234144,0.0139327
G3,PC_CHN_CS_2017_197A,PC,CHN,CS,2017,197A,PUT020rad,NEBNext 5,ACAGTG,ACAGATTC,933862,971535,121492,0.00681463
H3,PC_CHN_CS_2017_130D,PC,CHN,CS,2017,130D,PUT020rad,NEBNext 5,ACAGTG,AGTCAAGC,173758,188480,26884,0.00140595
A4,PC_CHN_CS_2017_132D,PC,CHN,CS,2017,132D,PUT020rad,NEBNext 5,ACAGTG,ACCACTGT,1385622,1400630,162976,0.00985561
B4,PC_CHN_CS_2017_144C,PC,CHN,CS,2017,144C,PUT020rad,NEBNext 5,ACAGTG,AAGACGGA,387426,396318,49878,0.00298387
C4,PC_CHN_CS_2017_151B,PC,CHN,CS,2017,151B,PUT020rad,NEBNext 5,ACAGTG,ATCCTGTA,1368068,1379037,151520,0.00929981
D4,PC_CHN_CS_2017_152B,PC,CHN,CS,2017,152B,PUT020rad,NEBNext 5,ACAGTG,CGAACTTA,488550,507923,64119,0.00363986
E4,PC_CHN_CS_2021-029,PC,CHN,CS,2021,029,PUT020rad,NEBNext 5,ACAGTG,GCTAACGA,327392,NA,NA,NA
F4,PC_CHN_CS_2017_228A,PC,CHN,CS,2017,228A,PUT020rad,NEBNext 5,ACAGTG,TGAAGAGA,1186556,NA,NA,NA
G4,PC_CHN_CS_2017_230A,PC,CHN,CS,2017,230A,PUT020rad,NEBNext 5,ACAGTG,AGATGTAC,783660,796060,94853,0.00574069
H4,PC_CHN_CS_2017_233A,PC,CHN,CS,2017,233A,PUT020rad,NEBNext 5,ACAGTG,CCTCTATC,2234538,NA,NA,NA
A5,PC_CHN_CS_2021-033,PC,CHN,CS,2021,033,PUT020rad,NEBNext 5,ACAGTG,AACGTGAT,1724134,NA,NA,NA
B5,PC_CHN_CS_2021-034,PC,CHN,CS,2021,034,PUT020rad,NEBNext 5,ACAGTG,AAGGTACA,250084,NA,NA,NA
C5,PC_CHN_CS_2017_235A,PC,CHN,CS,2017,235A,PUT020rad,NEBNext 5,ACAGTG,ATTGAGGA,767410,786541,102244,0.0059864
D5,PC_CHN_CS_2017_149C,PC,CHN,CS,2017,149C,PUT020rad,NEBNext 5,ACAGTG,CGACTGGA,591778,600692,73177,0.0044165
E5,PC_CHN_CS_2021-038,PC,CHN,CS,2021,038,PUT020rad,NEBNext 5,ACAGTG,GCTCGGTA,95232,NA,NA,NA
F5,PC_CHN_CS_2021-039,PC,CHN,CS,2021,039,PUT020rad,NEBNext 5,ACAGTG,TGGAACAA,20098,NA,NA,NA
G5,PC_CHN_CS_2021-040,PC,CHN,CS,2021,040,PUT020rad,NEBNext 5,ACAGTG,AGCACCTC,2366752,NA,NA,NA
H5,PC_CHN_CS_2021-041,PC,CHN,CS,2021,041,PUT020rad,NEBNext 5,ACAGTG,CGACACAC,248002,NA,NA,NA
A6,PC_CHN_CS_2017_156C,PC,CHN,CS,2017,156C,PUT020rad,NEBNext 5,ACAGTG,CGCTGATC,5437340,NA,NA,NA
B6,PC_CHN_CS_2017_247A,PC,CHN,CS,2017,247A,PUT020rad,NEBNext 5,ACAGTG,ACACAGAA,79588,86282,12823,6.49861e-4
C6,PC_CHN_CS_2017_250A,PC,CHN,CS,2017,250A,PUT020rad,NEBNext 5,ACAGTG,CAACCACA,1151904,NA,NA,NA
D6,PC_CHN_CS_2017_149B,PC,CHN,CS,2017,149B,PUT020rad,NEBNext 5,ACAGTG,CGCATACA,326808,337885,41316,0.00238713
E6,PC_CHN_CS_2021-046,PC,CHN,CS,2021,046,PUT020rad,NEBNext 5,ACAGTG,GGAGAACA,21116,NA,NA,NA
F6,PC_CHN_CS_2017_208A,PC,CHN,CS,2017,208A,PUT020rad,NEBNext 5,ACAGTG,TGGCTTCA,322804,325674,37262,0.00232969
G6,PC_CHN_CS_2021-048,PC,CHN,CS,2021,048,PUT020rad,NEBNext 5,ACAGTG,AGCCATGC,1315652,NA,NA,NA
H6,PC_CHN_CS_2021-049,PC,CHN,CS,2021,049,PUT020rad,NEBNext 5,ACAGTG,CGGATTGC,1810136,NA,NA,NA
A7,PC_CHN_CS_2017_211A,PC,CHN,CS,2017,211A,PUT020rad,NEBNext 5,ACAGTG,CAGATCTG,2839232,NA,NA,NA
B7,PC_CHN_CS_2017_212A,PC,CHN,CS,2017,212A,PUT020rad,NEBNext 5,ACAGTG,ACAGCAGA,168944,173388,21146,0.00127377
C7,PC_CHN_CS_2017_214A,PC,CHN,CS,2017,214A,PUT020rad,NEBNext 5,ACAGTG,CAAGACTA,731338,743035,90303,0.00541063
D7,PC_CHN_CS_2017_216A,PC,CHN,CS,2017,216A,PUT020rad,NEBNext 5,ACAGTG,CTCAATGA,144852,156517,20853,0.00110368
E7,PC_CHN_CS_2017_218A,PC,CHN,CS,2017,218A,PUT020rad,NEBNext 5,ACAGTG,GGTGCGAA,151724,152108,7612,3.31784e-4
F7,PC_CHN_CS_2017_219A,PC,CHN,CS,2017,219A,PUT020rad,NEBNext 5,ACAGTG,TGGTGGTA,23924,25519,2890,1.2872e-4
G7,PC_CHN_CS_2017_222A,PC,CHN,CS,2017,222A,PUT020rad,NEBNext 5,ACAGTG,AGGCTAAC,421092,421128,11211,2.25604e-4
H7,PC_CHN_CS_2016_001,PC,CHN,CS,2016,001,PUT020rad,NEBNext 5,ACAGTG,CTAAGGTC,3250384,3274493,374649,0.0227404
A8,PC_CHN_CS_2016_005,PC,CHN,CS,2016,005,PUT020rad,NEBNext 5,ACAGTG,ATGCCTAA,496908,516487,71647,0.00414169
B8,PC_CHN_CS_2021-062,PC,CHN,CS,2021,062,PUT020rad,NEBNext 5,ACAGTG,ACCTCCAA,861348,NA,NA,NA
C8,PC_CHN_CS_2021-065,PC,CHN,CS,2021,065,PUT020rad,NEBNext 5,ACAGTG,CAATGGAA,170022,NA,NA,NA
D8,PC_CHN_CS_2021-068,PC,CHN,CS,2021,068,PUT020rad,NEBNext 5,ACAGTG,CTGAGCCA,1527548,NA,NA,NA
E8,PC_CHN_CS_2021-073,PC,CHN,CS,2021,073,PUT020rad,NEBNext 5,ACAGTG,GTACGCAA,617048,NA,NA,NA
F8,PC_CHN_CS_2021-074,PC,CHN,CS,2021,074,PUT020rad,NEBNext 5,ACAGTG,TTCACGCA,1572130,NA,NA,NA
G8,PC_CHN_CS_2021-076,PC,CHN,CS,2021,076,PUT020rad,NEBNext 5,ACAGTG,ATAGCGAC,719640,NA,NA,NA
H8,PC_CHN_CS_2021-078,PC,CHN,CS,2021,078,PUT020rad,NEBNext 5,ACAGTG,GAACAGGC,349418,NA,NA,NA
A9,PC_CHN_CS_2020-001,PC,CHN,CS,2020,001,PUT020rad,NEBNext 5,ACAGTG,AACGAACG,610788,NA,NA,NA
B9,PC_CHN_CS_2020-004,PC,CHN,CS,2020,004,PUT020rad,NEBNext 5,ACAGTG,ACGCTCGA,9326,NA,NA,NA
C9,PC_CHN_CS_2020-007,PC,CHN,CS,2020,007,PUT020rad,NEBNext 5,ACAGTG,CACTTCGA,572930,NA,NA,NA
D9,PC_CHN_CS_2020-008,PC,CHN,CS,2020,008,PUT020rad,NEBNext 5,ACAGTG,CTGGCATA,1063632,NA,NA,NA
E9,PC_CHN_CS_2020-010,PC,CHN,CS,2020,010,PUT020rad,NEBNext 5,ACAGTG,GTCGTAGA,316656,NA,NA,NA
F9,PC_CHN_CS_2020-014,PC,CHN,CS,2020,014,PUT020rad,NEBNext 5,ACAGTG,ACACGAGA,459980,NA,NA,NA
G9,PC_CHN_CS_2020-015,PC,CHN,CS,2020,015,PUT020rad,NEBNext 5,ACAGTG,ACGACAAG,99214,NA,NA,NA
H9,PC_CHN_CS_2020-019,PC,CHN,CS,2020,019,PUT020rad,NEBNext 5,ACAGTG,GACAGTGC,1552156,NA,NA,NA
A10,PC_CHN_CS_2021-057,PC,CHN,CS,2021,057,PUT020rad,NEBNext 5,ACAGTG,AGTACAAG,2311442,NA,NA,NA
B10,PC_CHN_CS_2021-060,PC,CHN,CS,2021,060,PUT020rad,NEBNext 5,ACAGTG,ACGTATCA,672836,NA,NA,NA
C10,PC_CHN_CS_2021-063,PC,CHN,CS,2021,063,PUT020rad,NEBNext 5,ACAGTG,CAGCGTTA,571038,NA,NA,NA
D10,PC_CHN_CS_2021-064,PC,CHN,CS,2021,064,PUT020rad,NEBNext 5,ACAGTG,GAATCTGA,1520816,NA,NA,NA
E10,PC_CHN_CS_2021-066,PC,CHN,CS,2021,066,PUT020rad,NEBNext 5,ACAGTG,GTCTGTCA,785004,NA,NA,NA
F10,PC_CHN_CS_2021-067,PC,CHN,CS,2021,067,PUT020rad,NEBNext 5,ACAGTG,AAGAGATC,2889678,NA,NA,NA
G10,PC_CHN_CS_2021-070,PC,CHN,CS,2021,070,PUT020rad,NEBNext 5,ACAGTG,ATTGGCTC,178360,NA,NA,NA
H10,PC_CHN_CS_2021-071,PC,CHN,CS,2021,071,PUT020rad,NEBNext 5,ACAGTG,GAGTTAGC,5556674,NA,NA,NA
A11,PC_CHN_CS_2021-072,PC,CHN,CS,2021,072,PUT020rad,NEBNext 5,ACAGTG,CATCAAGT,1782136,NA,NA,NA
B11,PC_CHN_CS_2021-077,PC,CHN,CS,2021,077,PUT020rad,NEBNext 5,ACAGTG,ACTATGCA,23796,NA,NA,NA
C11,PC_CHN_CS_2021-079,PC,CHN,CS,2021,079,PUT020rad,NEBNext 5,ACAGTG,CATACCAA,541888,NA,NA,NA
D11,PC_CHN_CS_2021-080,PC,CHN,CS,2021,080,PUT020rad,NEBNext 5,ACAGTG,GACTAGTA,424718,NA,NA,NA
E11,PC_CHN_CS_2021-081,PC,CHN,CS,2021,081,PUT020rad,NEBNext 5,ACAGTG,GTGTTCTA,348378,NA,NA,NA
F11,PC_CHN_CS_2017_129A,PC,CHN,CS,2017,129A,PUT020rad,NEBNext 5,ACAGTG,AAGGACAC,539352,539400,11310,1.61721e-4
G11,PC_CHN_CS_2017_130A,PC,CHN,CS,2017,130A,PUT020rad,NEBNext 5,ACAGTG,CAAGGAGC,442858,465651,40014,0.00191607
H11,PC_CHN_CS_2017_142A,PC,CHN,CS,2017,142A,PUT020rad,NEBNext 5,ACAGTG,GATGAATC,5869060,5905604,616180,0.0374429
A12,PC_CHN_CS_2017_143A,PC,CHN,CS,2017,143A,PUT020rad,NEBNext 5,ACAGTG,AGTGGTCA,1274746,1274807,11513,2.80945e-4
B12,PC_CHN_CS_2017_131B,PC,CHN,CS,2017,131B,PUT020rad,NEBNext 5,ACAGTG,AGAGTCAA,222234,222245,4009,6.07529e-5
C12,PC_CHN_CS_2017_132B,PC,CHN,CS,2017,132B,PUT020rad,NEBNext 5,ACAGTG,CCAGTTCA,242240,242876,9036,3.17752e-4
D12,PC_CHN_CS_2017_133B,PC,CHN,CS,2017,133B,PUT020rad,NEBNext 5,ACAGTG,GAGCTGAA,283720,284558,12518,5.69e-4
E12,PC_CHN_CS_2017_135B,PC,CHN,CS,2017,135B,PUT020rad,NEBNext 5,ACAGTG,TAGGATGA,232452,232803,4505,1.07166e-4
F12,PC_CHN_CS_2017_138B,PC,CHN,CS,2017,138B,PUT020rad,NEBNext 5,ACAGTG,AATCCGTC,626386,648178,56940,0.00280376
G12,PC_CHN_CS_2017_150A,PC,CHN,CS,2017,150A,PUT020rad,NEBNext 5,ACAGTG,CACCTTAC,466174,466564,11922,3.19551e-4
H12,PC_CHN_CS_2017_153A,PC,CHN,CS,2017,153A,PUT020rad,NEBNext 5,ACAGTG,GCCAAGAC,1089646,1146372,139005,0.00731608
A1,PC_CHN_RST_2021_1530,PC,CHN,RST,2021,1530,PUT021rad,NEBNext 6,GCCAAT,ACAAGCTA,5575494,NA,NA,NA
B1,PC_CHN_RST_2021_1612,PC,CHN,RST,2021,1612,PUT021rad,NEBNext 6,GCCAAT,AACAACCA,1473822,NA,NA,NA
C1,PC_CHN_RST_2021_1617,PC,CHN,RST,2021,1617,PUT021rad,NEBNext 6,GCCAAT,AGATCGCA,2058608,NA,NA,NA
D1,PC_CHN_RST_2021_1622,PC,CHN,RST,2021,1622,PUT021rad,NEBNext 6,GCCAAT,CCGAAGTA,218550,NA,NA,NA
E1,PC_CHN_RST_2021_1627,PC,CHN,RST,2021,1627,PUT021rad,NEBNext 6,GCCAAT,GATAGACA,849450,NA,NA,NA
F1,PC_CHN_RST_2021_1632,PC,CHN,RST,2021,1632,PUT021rad,NEBNext 6,GCCAAT,TATCAGCA,2221370,NA,NA,NA
G1,PC_CHN_RST_2021_1721,PC,CHN,RST,2021,1721,PUT021rad,NEBNext 6,GCCAAT,AATGTTGC,3604770,NA,NA,NA
H1,PC_CHN_RST_2021_1726,PC,CHN,RST,2021,1726,PUT021rad,NEBNext 6,GCCAAT,CCATCCTC,1334350,NA,NA,NA
A2,PC_CHN_RST_2021_1731,PC,CHN,RST,2021,1731,PUT021rad,NEBNext 6,GCCAAT,AAACATCG,4385414,NA,NA,NA
B2,PC_CHN_RST_2021_1736,PC,CHN,RST,2021,1736,PUT021rad,NEBNext 6,GCCAAT,AACCGAGA,964958,NA,NA,NA
C2,PC_CHN_RST_2021_1823,PC,CHN,RST,2021,1823,PUT021rad,NEBNext 6,GCCAAT,AGCAGGAA,3018416,NA,NA,NA
D2,PC_CHN_RST_2021_1828,PC,CHN,RST,2021,1828,PUT021rad,NEBNext 6,GCCAAT,CCGTGAGA,1166820,NA,NA,NA
E2,PC_CHN_RST_2021_1833,PC,CHN,RST,2021,1833,PUT021rad,NEBNext 6,GCCAAT,GCCACATA,881728,NA,NA,NA
F2,PC_CHN_RST_2021_1838,PC,CHN,RST,2021,1838,PUT021rad,NEBNext 6,GCCAAT,TCCGTCTA,2004684,NA,NA,NA
G2,PC_CHN_RST_2021_1843,PC,CHN,RST,2021,1843,PUT021rad,NEBNext 6,GCCAAT,ACACTGAC,2993718,NA,NA,NA
H2,PC_CHN_RST_2021_1956,PC,CHN,RST,2021,1956,PUT021rad,NEBNext 6,GCCAAT,CCGACAAC,2782830,NA,NA,NA
A3,PC_CHN_RST_2021_1961,PC,CHN,RST,2021,1961,PUT021rad,NEBNext 6,GCCAAT,ACATTGGC,3725102,NA,NA,NA
B3,PC_CHN_RST_2021_1966,PC,CHN,RST,2021,1966,PUT021rad,NEBNext 6,GCCAAT,AACGCTTA,794794,NA,NA,NA
C3,PC_CHN_RST_2021_1971,PC,CHN,RST,2021,1971,PUT021rad,NEBNext 6,GCCAAT,AGTCACTA,3811918,NA,NA,NA
D3,PC_CHN_RST_2021_2024,PC,CHN,RST,2021,2024,PUT021rad,NEBNext 6,GCCAAT,CCTCCTGA,1763140,NA,NA,NA
E3,PC_CHN_RST_2021_2029,PC,CHN,RST,2021,2029,PUT021rad,NEBNext 6,GCCAAT,GCGAGTAA,1045070,NA,NA,NA
F3,PC_CHN_RST_2021_2034,PC,CHN,RST,2021,2034,PUT021rad,NEBNext 6,GCCAAT,TCTTCACA,3066166,NA,NA,NA
G3,PC_CHN_RST_2021_2039,PC,CHN,RST,2021,2039,PUT021rad,NEBNext 6,GCCAAT,ACAGATTC,5195948,NA,NA,NA
H3,PC_CHN_RST_2021_2044,PC,CHN,RST,2021,2044,PUT021rad,NEBNext 6,GCCAAT,AGTCAAGC,2356776,NA,NA,NA
A4,PC_CHN_RST_2021_2170,PC,CHN,RST,2021,2170,PUT021rad,NEBNext 6,GCCAAT,ACCACTGT,2759686,NA,NA,NA
B4,PC_CHN_RST_2021_2175,PC,CHN,RST,2021,2175,PUT021rad,NEBNext 6,GCCAAT,AAGACGGA,1298472,NA,NA,NA
C4,PC_CHN_RST_2021_2180,PC,CHN,RST,2021,2180,PUT021rad,NEBNext 6,GCCAAT,ATCCTGTA,2339736,NA,NA,NA
D4,PC_CHN_RST_2021_2185,PC,CHN,RST,2021,2185,PUT021rad,NEBNext 6,GCCAAT,CGAACTTA,2935918,NA,NA,NA
E4,PC_CHN_RST_2021_2190,PC,CHN,RST,2021,2190,PUT021rad,NEBNext 6,GCCAAT,GCTAACGA,118476,NA,NA,NA
F4,PC_CHN_RST_2021_2277,PC,CHN,RST,2021,2277,PUT021rad,NEBNext 6,GCCAAT,TGAAGAGA,2796252,NA,NA,NA
G4,PC_CHN_RST_2021_2282,PC,CHN,RST,2021,2282,PUT021rad,NEBNext 6,GCCAAT,AGATGTAC,2128752,NA,NA,NA
H4,PC_CHN_RST_2021_2287,PC,CHN,RST,2021,2287,PUT021rad,NEBNext 6,GCCAAT,CCTCTATC,7237004,NA,NA,NA
A5,PC_CHN_RST_2021_2293,PC,CHN,RST,2021,2293,PUT021rad,NEBNext 6,GCCAAT,AACGTGAT,9498042,NA,NA,NA
B5,PC_CHN_RST_2021_2340,PC,CHN,RST,2021,2340,PUT021rad,NEBNext 6,GCCAAT,AAGGTACA,613484,NA,NA,NA
C5,PC_CHN_RST_2021_2345,PC,CHN,RST,2021,2345,PUT021rad,NEBNext 6,GCCAAT,ATTGAGGA,1451066,NA,NA,NA
D5,PC_CHN_RST_2021_2350,PC,CHN,RST,2021,2350,PUT021rad,NEBNext 6,GCCAAT,CGACTGGA,2417362,NA,NA,NA
E5,PC_CHN_RST_2021_2355,PC,CHN,RST,2021,2355,PUT021rad,NEBNext 6,GCCAAT,GCTCGGTA,754680,NA,NA,NA
F5,PC_CHN_RST_2021_2360,PC,CHN,RST,2021,2360,PUT021rad,NEBNext 6,GCCAAT,TGGAACAA,1266264,NA,NA,NA
G5,PC_CHN_RST_2021_2442,PC,CHN,RST,2021,2442,PUT021rad,NEBNext 6,GCCAAT,AGCACCTC,5149948,NA,NA,NA
H5,PC_CHN_RST_2021_2447,PC,CHN,RST,2021,2447,PUT021rad,NEBNext 6,GCCAAT,CGACACAC,4842892,NA,NA,NA
A6,PC_CHN_RST_2021_2452,PC,CHN,RST,2021,2452,PUT021rad,NEBNext 6,GCCAAT,CGCTGATC,19464862,NA,NA,NA
B6,PC_CHN_RST_2021_2457,PC,CHN,RST,2021,2457,PUT021rad,NEBNext 6,GCCAAT,ACACAGAA,1067612,NA,NA,NA
C6,PC_CHN_RST_2021_2462,PC,CHN,RST,2021,2462,PUT021rad,NEBNext 6,GCCAAT,CAACCACA,2994748,NA,NA,NA
D6,PC_CHN_RST_2021_2543,PC,CHN,RST,2021,2543,PUT021rad,NEBNext 6,GCCAAT,CGCATACA,680,NA,NA,NA
E6,PC_CHN_RST_2021_2548,PC,CHN,RST,2021,2548,PUT021rad,NEBNext 6,GCCAAT,GGAGAACA,1211302,NA,NA,NA
F6,PC_CHN_RST_2021_2553,PC,CHN,RST,2021,2553,PUT021rad,NEBNext 6,GCCAAT,TGGCTTCA,1052272,NA,NA,NA
G6,PC_CHN_RST_2021_2558,PC,CHN,RST,2021,2558,PUT021rad,NEBNext 6,GCCAAT,AGCCATGC,3578376,NA,NA,NA
H6,PC_CHN_RST_2021_2574,PC,CHN,RST,2021,2574,PUT021rad,NEBNext 6,GCCAAT,CGGATTGC,4451286,NA,NA,NA
A7,PC_CHN_RST_2021_2579,PC,CHN,RST,2021,2579,PUT021rad,NEBNext 6,GCCAAT,CAGATCTG,6327318,NA,NA,NA
B7,PC_CHN_RST_2021_2585,PC,CHN,RST,2021,2585,PUT021rad,NEBNext 6,GCCAAT,ACAGCAGA,800342,NA,NA,NA
C7,PC_CHN_RST_2021_2591,PC,CHN,RST,2021,2591,PUT021rad,NEBNext 6,GCCAAT,CAAGACTA,941286,NA,NA,NA
D7,PC_CHN_RST_2021_2596,PC,CHN,RST,2021,2596,PUT021rad,NEBNext 6,GCCAAT,CTCAATGA,1392704,NA,NA,NA
E7,PC_CHN_RST_2021_2636,PC,CHN,RST,2021,2636,PUT021rad,NEBNext 6,GCCAAT,GGTGCGAA,822268,NA,NA,NA
F7,PC_CHN_RST_2021_2641,PC,CHN,RST,2021,2641,PUT021rad,NEBNext 6,GCCAAT,TGGTGGTA,610454,NA,NA,NA
G7,PC_CHN_RST_2021_2646,PC,CHN,RST,2021,2646,PUT021rad,NEBNext 6,GCCAAT,AGGCTAAC,1581812,NA,NA,NA
H7,PC_CHN_RST_2021_2651,PC,CHN,RST,2021,2651,PUT021rad,NEBNext 6,GCCAAT,CTAAGGTC,6109694,NA,NA,NA
A8,PC_CHN_RST_2021_2656,PC,CHN,RST,2021,2656,PUT021rad,NEBNext 6,GCCAAT,ATGCCTAA,1315976,NA,NA,NA
B8,PC_CHN_RST_2021_2704,PC,CHN,RST,2021,2704,PUT021rad,NEBNext 6,GCCAAT,ACCTCCAA,47854,NA,NA,NA
C8,PC_CHN_RST_2021_2709,PC,CHN,RST,2021,2709,PUT021rad,NEBNext 6,GCCAAT,CAATGGAA,2012400,NA,NA,NA
D8,PC_CHN_RST_2021_2714,PC,CHN,RST,2021,2714,PUT021rad,NEBNext 6,GCCAAT,CTGAGCCA,2913236,NA,NA,NA
E8,PC_CHN_RST_2021_2719,PC,CHN,RST,2021,2719,PUT021rad,NEBNext 6,GCCAAT,GTACGCAA,2106432,NA,NA,NA
F8,PC_CHN_RST_2021_2724,PC,CHN,RST,2021,2724,PUT021rad,NEBNext 6,GCCAAT,TTCACGCA,3798080,NA,NA,NA
G8,PC_CHN_RST_2021_2729,PC,CHN,RST,2021,2729,PUT021rad,NEBNext 6,GCCAAT,ATAGCGAC,1547932,NA,NA,NA
H8,PC_CHN_RST_2021_2767,PC,CHN,RST,2021,2767,PUT021rad,NEBNext 6,GCCAAT,GAACAGGC,3451084,NA,NA,NA
A9,PC_CHN_RST_2021_2772,PC,CHN,RST,2021,2772,PUT021rad,NEBNext 6,GCCAAT,AACGAACG,1480666,NA,NA,NA
B9,PC_CHN_RST_2021_2777,PC,CHN,RST,2021,2777,PUT021rad,NEBNext 6,GCCAAT,ACGCTCGA,667246,NA,NA,NA
C9,PC_CHN_RST_2021_2782,PC,CHN,RST,2021,2782,PUT021rad,NEBNext 6,GCCAAT,CACTTCGA,1350376,NA,NA,NA
D9,PC_CHN_RST_2021_2787,PC,CHN,RST,2021,2787,PUT021rad,NEBNext 6,GCCAAT,CTGGCATA,2534786,NA,NA,NA
E9,PC_CHN_RST_2021_2868,PC,CHN,RST,2021,2868,PUT021rad,NEBNext 6,GCCAAT,GTCGTAGA,646032,NA,NA,NA
F9,PC_CHN_RST_2021_2873,PC,CHN,RST,2021,2873,PUT021rad,NEBNext 6,GCCAAT,ACACGAGA,1279576,NA,NA,NA
G9,PC_CHN_RST_2021_2878,PC,CHN,RST,2021,2878,PUT021rad,NEBNext 6,GCCAAT,ACGACAAG,470134,NA,NA,NA
H9,PC_CHN_RST_2021_2883,PC,CHN,RST,2021,2883,PUT021rad,NEBNext 6,GCCAAT,GACAGTGC,1656018,NA,NA,NA
A10,PC_CHN_RST_2021_2888,PC,CHN,RST,2021,2888,PUT021rad,NEBNext 6,GCCAAT,AGTACAAG,4101814,NA,NA,NA
B10,PC_CHN_RST_2021_2969,PC,CHN,RST,2021,2969,PUT021rad,NEBNext 6,GCCAAT,ACGTATCA,798314,NA,NA,NA
C10,PC_CHN_RST_2021_2974,PC,CHN,RST,2021,2974,PUT021rad,NEBNext 6,GCCAAT,CAGCGTTA,1821080,NA,NA,NA
D10,PC_CHN_RST_2021_2979,PC,CHN,RST,2021,2979,PUT021rad,NEBNext 6,GCCAAT,GAATCTGA,3049684,NA,NA,NA
E10,PC_CHN_RST_2021_2984,PC,CHN,RST,2021,2984,PUT021rad,NEBNext 6,GCCAAT,GTCTGTCA,1293190,NA,NA,NA
F10,PC_CHN_RST_2021_3073,PC,CHN,RST,2021,3073,PUT021rad,NEBNext 6,GCCAAT,AAGAGATC,4681922,NA,NA,NA
G10,PC_CHN_RST_2021_3078,PC,CHN,RST,2021,3078,PUT021rad,NEBNext 6,GCCAAT,ATTGGCTC,1584628,NA,NA,NA
H10,PC_CHN_RST_2021_3083,PC,CHN,RST,2021,3083,PUT021rad,NEBNext 6,GCCAAT,GAGTTAGC,4817286,NA,NA,NA
A11,PC_CHN_RST_2021_3088,PC,CHN,RST,2021,3088,PUT021rad,NEBNext 6,GCCAAT,CATCAAGT,2700720,NA,NA,NA
B11,PC_CHN_RST_2021_3093,PC,CHN,RST,2021,3093,PUT021rad,NEBNext 6,GCCAAT,ACTATGCA,301220,NA,NA,NA
C11,PC_CHN_RST_2021_4020,PC,CHN,RST,2021,4020,PUT021rad,NEBNext 6,GCCAAT,CATACCAA,578110,NA,NA,NA
D11,PC_CHN_RST_2021_4025,PC,CHN,RST,2021,4025,PUT021rad,NEBNext 6,GCCAAT,GACTAGTA,971540,NA,NA,NA
E11,PC_CHN_RST_2021_4030,PC,CHN,RST,2021,4030,PUT021rad,NEBNext 6,GCCAAT,GTGTTCTA,489106,NA,NA,NA
F11,PC_CHN_RST_2021_4035,PC,CHN,RST,2021,4035,PUT021rad,NEBNext 6,GCCAAT,AAGGACAC,1420622,NA,NA,NA
G11,PC_CHN_RST_2021_4040,PC,CHN,RST,2021,4040,PUT021rad,NEBNext 6,GCCAAT,CAAGGAGC,1071576,NA,NA,NA
H11,PC_CHN_RST_2021_4121,PC,CHN,RST,2021,4121,PUT021rad,NEBNext 6,GCCAAT,GATGAATC,2611692,NA,NA,NA
A12,PC_CHN_RST_2021_4126,PC,CHN,RST,2021,4126,PUT021rad,NEBNext 6,GCCAAT,AGTGGTCA,1912736,NA,NA,NA
B12,PC_CHN_RST_2021_4131,PC,CHN,RST,2021,4131,PUT021rad,NEBNext 6,GCCAAT,AGAGTCAA,461010,NA,NA,NA
C12,PC_CHN_RST_2021_4136,PC,CHN,RST,2021,4136,PUT021rad,NEBNext 6,GCCAAT,CCAGTTCA,420326,NA,NA,NA
D12,PC_CHN_RST_2021_4172,PC,CHN,RST,2021,4172,PUT021rad,NEBNext 6,GCCAAT,GAGCTGAA,937388,NA,NA,NA
E12,PC_CHN_RST_2021_4177,PC,CHN,RST,2021,4177,PUT021rad,NEBNext 6,GCCAAT,TAGGATGA,556066,NA,NA,NA
F12,PC_CHN_RST_2021_4182,PC,CHN,RST,2021,4182,PUT021rad,NEBNext 6,GCCAAT,AATCCGTC,1690708,NA,NA,NA
G12,PC_CHN_RST_2021_4187,PC,CHN,RST,2021,4187,PUT021rad,NEBNext 6,GCCAAT,CACCTTAC,1216434,NA,NA,NA
H12,PC_CHN_RST_2021_4192,PC,CHN,RST,2021,4192,PUT021rad,NEBNext 6,GCCAAT,GCCAAGAC,538632,NA,NA,NA
A1,PC_CHN_RST_2021_4273,PC,CHN,RST,2021,4273,PUT022rad,NEBNext 42,TAATCG,ACAAGCTA,4259064,NA,NA,NA
B1,PC_CHN_RST_2021_4278,PC,CHN,RST,2021,4278,PUT022rad,NEBNext 42,TAATCG,AACAACCA,1799418,NA,NA,NA
C1,PC_CHN_RST_2021_4283,PC,CHN,RST,2021,4283,PUT022rad,NEBNext 42,TAATCG,AGATCGCA,3072390,NA,NA,NA
D1,PC_CHN_RST_2021_4288,PC,CHN,RST,2021,4288,PUT022rad,NEBNext 42,TAATCG,CCGAAGTA,359284,NA,NA,NA
E1,PC_CHN_RST_2021_4293,PC,CHN,RST,2021,4293,PUT022rad,NEBNext 42,TAATCG,GATAGACA,998466,NA,NA,NA
F1,PC_CHN_RST_2021_4298,PC,CHN,RST,2021,4298,PUT022rad,NEBNext 42,TAATCG,TATCAGCA,2245842,NA,NA,NA
G1,PC_CHN_RST_2021_4303,PC,CHN,RST,2021,4303,PUT022rad,NEBNext 42,TAATCG,AATGTTGC,3156236,NA,NA,NA
H1,PC_CHN_RST_2021_4308,PC,CHN,RST,2021,4308,PUT022rad,NEBNext 42,TAATCG,CCATCCTC,1761150,NA,NA,NA
A2,PC_CHN_RST_2021_4313,PC,CHN,RST,2021,4313,PUT022rad,NEBNext 42,TAATCG,AAACATCG,4960348,NA,NA,NA
B2,PC_CHN_RST_2021_4318,PC,CHN,RST,2021,4318,PUT022rad,NEBNext 42,TAATCG,AACCGAGA,1007242,NA,NA,NA
C2,PC_CHN_RST_2021_4323,PC,CHN,RST,2021,4323,PUT022rad,NEBNext 42,TAATCG,AGCAGGAA,3491068,NA,NA,NA
D2,PC_CHN_RST_2021_4328,PC,CHN,RST,2021,4328,PUT022rad,NEBNext 42,TAATCG,CCGTGAGA,1110634,NA,NA,NA
E2,PC_CHN_RST_2021_4333,PC,CHN,RST,2021,4333,PUT022rad,NEBNext 42,TAATCG,GCCACATA,774672,NA,NA,NA
F2,PC_CHN_RST_2021_4338,PC,CHN,RST,2021,4338,PUT022rad,NEBNext 42,TAATCG,TCCGTCTA,2689112,NA,NA,NA
G2,PC_CHN_RST_2021_4343,PC,CHN,RST,2021,4343,PUT022rad,NEBNext 42,TAATCG,ACACTGAC,3033782,NA,NA,NA
H2,PC_CHN_RST_2021_4348,PC,CHN,RST,2021,4348,PUT022rad,NEBNext 42,TAATCG,CCGACAAC,1459094,NA,NA,NA
A3,PC_CHN_RST_2021_4353,PC,CHN,RST,2021,4353,PUT022rad,NEBNext 42,TAATCG,ACATTGGC,1957044,NA,NA,NA
B3,PC_CHN_RST_2021_4358,PC,CHN,RST,2021,4358,PUT022rad,NEBNext 42,TAATCG,AACGCTTA,968168,NA,NA,NA
C3,PC_CHN_RST_2021_4363,PC,CHN,RST,2021,4363,PUT022rad,NEBNext 42,TAATCG,AGTCACTA,695486,NA,NA,NA
D3,PC_CHN_RST_2021_4377,PC,CHN,RST,2021,4377,PUT022rad,NEBNext 42,TAATCG,CCTCCTGA,1805868,NA,NA,NA
E3,PC_CHN_RST_2021_4382,PC,CHN,RST,2021,4382,PUT022rad,NEBNext 42,TAATCG,GCGAGTAA,1018606,NA,NA,NA
F3,PC_CHN_RST_2021_4387,PC,CHN,RST,2021,4387,PUT022rad,NEBNext 42,TAATCG,TCTTCACA,2369654,NA,NA,NA
G3,PC_CHN_RST_2021_4392,PC,CHN,RST,2021,4392,PUT022rad,NEBNext 42,TAATCG,ACAGATTC,2653430,NA,NA,NA
H3,PC_CHN_RST_2021_4397,PC,CHN,RST,2021,4397,PUT022rad,NEBNext 42,TAATCG,AGTCAAGC,2168822,NA,NA,NA
A4,PC_CHN_RST_2021_4405,PC,CHN,RST,2021,4405,PUT022rad,NEBNext 42,TAATCG,ACCACTGT,2723370,NA,NA,NA
B4,PC_CHN_RST_2021_4410,PC,CHN,RST,2021,4410,PUT022rad,NEBNext 42,TAATCG,AAGACGGA,1069914,NA,NA,NA
C4,PC_CHN_RST_2021_4415,PC,CHN,RST,2021,4415,PUT022rad,NEBNext 42,TAATCG,ATCCTGTA,2897536,NA,NA,NA
D4,PC_CHN_RST_2021_4420,PC,CHN,RST,2021,4420,PUT022rad,NEBNext 42,TAATCG,CGAACTTA,3418828,NA,NA,NA
E4,PC_CHN_RST_2021_4425,PC,CHN,RST,2021,4425,PUT022rad,NEBNext 42,TAATCG,GCTAACGA,1012394,NA,NA,NA
F4,PC_CHN_RST_2021_4430,PC,CHN,RST,2021,4430,PUT022rad,NEBNext 42,TAATCG,TGAAGAGA,3108036,NA,NA,NA
G4,PC_CHN_RST_2021_4435,PC,CHN,RST,2021,4435,PUT022rad,NEBNext 42,TAATCG,AGATGTAC,1919840,NA,NA,NA
H4,PC_CHN_RST_2021_4440,PC,CHN,RST,2021,4440,PUT022rad,NEBNext 42,TAATCG,CCTCTATC,6721558,NA,NA,NA
A5,PC_CHN_RST_2021_4445,PC,CHN,RST,2021,4445,PUT022rad,NEBNext 42,TAATCG,AACGTGAT,6265614,NA,NA,NA
B5,PC_CHN_RST_2021_4450,PC,CHN,RST,2021,4450,PUT022rad,NEBNext 42,TAATCG,AAGGTACA,1314494,NA,NA,NA
C5,PC_CHN_RST_2021_4455,PC,CHN,RST,2021,4455,PUT022rad,NEBNext 42,TAATCG,ATTGAGGA,3000436,NA,NA,NA
D5,PC_CHN_RST_2021_4463,PC,CHN,RST,2021,4463,PUT022rad,NEBNext 42,TAATCG,CGACTGGA,2781052,NA,NA,NA
E5,PC_CHN_RST_2021_4468,PC,CHN,RST,2021,4468,PUT022rad,NEBNext 42,TAATCG,GCTCGGTA,1208458,NA,NA,NA
F5,PC_CHN_RST_2021_4473,PC,CHN,RST,2021,4473,PUT022rad,NEBNext 42,TAATCG,TGGAACAA,3397744,NA,NA,NA
G5,PC_CHN_RST_2021_4478,PC,CHN,RST,2021,4478,PUT022rad,NEBNext 42,TAATCG,AGCACCTC,4715790,NA,NA,NA
H5,PC_CHN_RST_2021_4488,PC,CHN,RST,2021,4488,PUT022rad,NEBNext 42,TAATCG,CGACACAC,4223230,NA,NA,NA
A6,PC_CHN_RST_2021_4493,PC,CHN,RST,2021,4493,PUT022rad,NEBNext 42,TAATCG,CGCTGATC,9887140,NA,NA,NA
B6,PC_CHN_RST_2021_4498,PC,CHN,RST,2021,4498,PUT022rad,NEBNext 42,TAATCG,ACACAGAA,1182510,NA,NA,NA
C6,PC_CHN_RST_2021_4503,PC,CHN,RST,2021,4503,PUT022rad,NEBNext 42,TAATCG,CAACCACA,4501616,NA,NA,NA
D6,PC_CHN_RST_2021_4508,PC,CHN,RST,2021,4508,PUT022rad,NEBNext 42,TAATCG,CGCATACA,1618480,NA,NA,NA
E6,PC_CHN_RST_2021_4513,PC,CHN,RST,2021,4513,PUT022rad,NEBNext 42,TAATCG,GGAGAACA,481186,NA,NA,NA
F6,PC_CHN_RST_2021_4518,PC,CHN,RST,2021,4518,PUT022rad,NEBNext 42,TAATCG,TGGCTTCA,573648,NA,NA,NA
G6,PC_CHN_RST_2021_4523,PC,CHN,RST,2021,4523,PUT022rad,NEBNext 42,TAATCG,AGCCATGC,4217294,NA,NA,NA
H6,PC_CHN_RST_2021_4528,PC,CHN,RST,2021,4528,PUT022rad,NEBNext 42,TAATCG,CGGATTGC,6593064,NA,NA,NA
A7,PC_CHN_RST_2021_4538,PC,CHN,RST,2021,4538,PUT022rad,NEBNext 42,TAATCG,CAGATCTG,10132116,NA,NA,NA
B7,PC_CHN_RST_2021_4543,PC,CHN,RST,2021,4543,PUT022rad,NEBNext 42,TAATCG,ACAGCAGA,710948,NA,NA,NA
C7,PC_CHN_RST_2021_4548,PC,CHN,RST,2021,4548,PUT022rad,NEBNext 42,TAATCG,CAAGACTA,2088342,NA,NA,NA
D7,PC_CHN_RST_2021_4553,PC,CHN,RST,2021,4553,PUT022rad,NEBNext 42,TAATCG,CTCAATGA,1613272,NA,NA,NA
E7,PC_CHN_RST_2021_4558,PC,CHN,RST,2021,4558,PUT022rad,NEBNext 42,TAATCG,GGTGCGAA,771210,NA,NA,NA
F7,PC_CHN_RST_2021_4572,PC,CHN,RST,2021,4572,PUT022rad,NEBNext 42,TAATCG,TGGTGGTA,756680,NA,NA,NA
G7,PC_CHN_RST_2021_4577,PC,CHN,RST,2021,4577,PUT022rad,NEBNext 42,TAATCG,AGGCTAAC,2064472,NA,NA,NA
H7,PC_CHN_RST_2021_4582,PC,CHN,RST,2021,4582,PUT022rad,NEBNext 42,TAATCG,CTAAGGTC,7377330,NA,NA,NA
A8,PC_CHN_RST_2021_4587,PC,CHN,RST,2021,4587,PUT022rad,NEBNext 42,TAATCG,ATGCCTAA,2994874,NA,NA,NA
B8,PC_CHN_RST_2021_4597,PC,CHN,RST,2021,4597,PUT022rad,NEBNext 42,TAATCG,ACCTCCAA,1686290,NA,NA,NA
C8,PC_CHN_RST_2021_4602,PC,CHN,RST,2021,4602,PUT022rad,NEBNext 42,TAATCG,CAATGGAA,2672784,NA,NA,NA
D8,PC_CHN_RST_2021_4607,PC,CHN,RST,2021,4607,PUT022rad,NEBNext 42,TAATCG,CTGAGCCA,2819788,NA,NA,NA
E8,PC_CHN_RST_2021_4612,PC,CHN,RST,2021,4612,PUT022rad,NEBNext 42,TAATCG,GTACGCAA,1619018,NA,NA,NA
F8,PC_CHN_RST_2021_4617,PC,CHN,RST,2021,4617,PUT022rad,NEBNext 42,TAATCG,TTCACGCA,3037280,NA,NA,NA
G8,PC_CHN_RST_2021_4622,PC,CHN,RST,2021,4622,PUT022rad,NEBNext 42,TAATCG,ATAGCGAC,1769150,NA,NA,NA
H8,PC_CHN_RST_2021_4639,PC,CHN,RST,2021,4639,PUT022rad,NEBNext 42,TAATCG,GAACAGGC,6865460,NA,NA,NA
A9,PC_CHN_RST_2021_4644,PC,CHN,RST,2021,4644,PUT022rad,NEBNext 42,TAATCG,AACGAACG,1424090,NA,NA,NA
B9,PC_CHN_RST_2021_4649,PC,CHN,RST,2021,4649,PUT022rad,NEBNext 42,TAATCG,ACGCTCGA,594990,NA,NA,NA
C9,PC_CHN_RST_2021_4651,PC,CHN,RST,2021,4651,PUT022rad,NEBNext 42,TAATCG,CACTTCGA,1167696,NA,NA,NA
D9,PC_CHN_RST_2021_4654,PC,CHN,RST,2021,4654,PUT022rad,NEBNext 42,TAATCG,CTGGCATA,2396894,NA,NA,NA
E9,PC_CHN_RST_2021_4656,PC,CHN,RST,2021,4656,PUT022rad,NEBNext 42,TAATCG,GTCGTAGA,418374,NA,NA,NA
F9,PC_CHN_RST_2021_4659,PC,CHN,RST,2021,4659,PUT022rad,NEBNext 42,TAATCG,ACACGAGA,1147048,NA,NA,NA
G9,PC_CHN_RST_2018_184,PC,CHN,RST,2018,184,PUT022rad,NEBNext 42,TAATCG,ACGACAAG,124676,NA,NA,NA
H9,PC_CHN_RST_2018_240,PC,CHN,RST,2018,240,PUT022rad,NEBNext 42,TAATCG,GACAGTGC,1981186,NA,NA,NA
A10,PC_CHN_RST_2018_294,PC,CHN,RST,2018,294,PUT022rad,NEBNext 42,TAATCG,AGTACAAG,2990718,NA,NA,NA
B10,PC_CHN_RST_2018_331,PC,CHN,RST,2018,331,PUT022rad,NEBNext 42,TAATCG,ACGTATCA,540778,NA,NA,NA
C10,PC_CHN_RST_2018_340,PC,CHN,RST,2018,340,PUT022rad,NEBNext 42,TAATCG,CAGCGTTA,469080,NA,NA,NA
D10,PC_CHN_RST_2018_395,PC,CHN,RST,2018,395,PUT022rad,NEBNext 42,TAATCG,GAATCTGA,529964,NA,NA,NA
E10,PC_CHN_RST_2018_2204,PC,CHN,RST,2018,2204,PUT022rad,NEBNext 42,TAATCG,GTCTGTCA,286,NA,NA,NA
F10,PC_CHN_RST_2018_2213,PC,CHN,RST,2018,2213,PUT022rad,NEBNext 42,TAATCG,AAGAGATC,1842,NA,NA,NA
G10,PC_CHN_RST_2018_2222,PC,CHN,RST,2018,2222,PUT022rad,NEBNext 42,TAATCG,ATTGGCTC,312,NA,NA,NA
H10,PC_CHN_RST_2018_2231,PC,CHN,RST,2018,2231,PUT022rad,NEBNext 42,TAATCG,GAGTTAGC,2114,NA,NA,NA
A11,PC_CHN_RST_2018_2267,PC,CHN,RST,2018,2267,PUT022rad,NEBNext 42,TAATCG,CATCAAGT,1330,NA,NA,NA
B11,PC_CHN_RST_2018_2330,PC,CHN,RST,2018,2330,PUT022rad,NEBNext 42,TAATCG,ACTATGCA,154,NA,NA,NA
C11,PC_CHN_RST_2018_2339,PC,CHN,RST,2018,2339,PUT022rad,NEBNext 42,TAATCG,CATACCAA,382,NA,NA,NA
D11,PC_CHN_RST_2018_2348,PC,CHN,RST,2018,2348,PUT022rad,NEBNext 42,TAATCG,GACTAGTA,402,NA,NA,NA
E11,PC_CHN_RST_2018_2391,PC,CHN,RST,2018,2391,PUT022rad,NEBNext 42,TAATCG,GTGTTCTA,198,NA,NA,NA
F11,PC_CHN_RST_2018_2446,PC,CHN,RST,2018,2446,PUT022rad,NEBNext 42,TAATCG,AAGGACAC,362,NA,NA,NA
G11,PC_CHN_RST_2018_2496,PC,CHN,RST,2018,2496,PUT022rad,NEBNext 42,TAATCG,CAAGGAGC,322,NA,NA,NA
H11,PC_CHN_RST_2018_2498,PC,CHN,RST,2018,2498,PUT022rad,NEBNext 42,TAATCG,GATGAATC,1846,NA,NA,NA
A12,PC_CHN_RST_2018_2500,PC,CHN,RST,2018,2500,PUT022rad,NEBNext 42,TAATCG,AGTGGTCA,936,NA,NA,NA
B12,PC_CHN_RST_2018_2504,PC,CHN,RST,2018,2504,PUT022rad,NEBNext 42,TAATCG,AGAGTCAA,138,NA,NA,NA
C12,PC_CHN_CS_2021-032,PC,CHN,CS,2021,032,PUT022rad,NEBNext 42,TAATCG,CCAGTTCA,138008,NA,NA,NA
A1,PC_CHN_CS_2018_2,PC,CHN,CS,2018,2,PUT014rad,NEBNext 28,CAAAAG,ACAAGCTA,145772,NA,NA,NA
B1,PC_CHN_CS_2018_3,PC,CHN,CS,2018,3,PUT014rad,NEBNext 28,CAAAAG,AACAACCA,99482,NA,NA,NA
C1,PC_CHN_CS_2018_4,PC,CHN,CS,2018,4,PUT014rad,NEBNext 28,CAAAAG,AGATCGCA,106396,NA,NA,NA
D1,PC_CHN_CS_2018_5,PC,CHN,CS,2018,5,PUT014rad,NEBNext 28,CAAAAG,CCGAAGTA,25818,NA,NA,NA
E1,PC_CHN_CS_2017_154A,PC,CHN,CS,2017,154A,PUT014rad,NEBNext 28,CAAAAG,GATAGACA,57576,57707,6333,1.70946e-4
F1,PC_CHN_CS_2018_27,PC,CHN,CS,2018,27,PUT014rad,NEBNext 28,CAAAAG,TATCAGCA,207460,NA,NA,NA
G1,PC_CHN_CS_2018_32,PC,CHN,CS,2018,32,PUT014rad,NEBNext 28,CAAAAG,AATGTTGC,155844,NA,NA,NA
H1,PC_CHN_CS_2018_33,PC,CHN,CS,2018,33,PUT014rad,NEBNext 28,CAAAAG,CCATCCTC,56324,NA,NA,NA
A2,PC_CHN_CS_2018_34,PC,CHN,CS,2018,34,PUT014rad,NEBNext 28,CAAAAG,AAACATCG,345498,NA,NA,NA
B2,PC_CHN_CS_2018_35,PC,CHN,CS,2018,35,PUT014rad,NEBNext 28,CAAAAG,AACCGAGA,44430,NA,NA,NA
C2,PC_CHN_CS_2018_42,PC,CHN,CS,2018,42,PUT014rad,NEBNext 28,CAAAAG,AGCAGGAA,126244,NA,NA,NA
D2,PC_CHN_CS_2018_46,PC,CHN,CS,2018,46,PUT014rad,NEBNext 28,CAAAAG,CCGTGAGA,77570,NA,NA,NA
E2,PC_CHN_CS_2018_51,PC,CHN,CS,2018,51,PUT014rad,NEBNext 28,CAAAAG,GCCACATA,43580,NA,NA,NA
F2,PC_CHN_CS_2018_53,PC,CHN,CS,2018,53,PUT014rad,NEBNext 28,CAAAAG,TCCGTCTA,130340,NA,NA,NA
G2,PC_CHN_CS_2018_58,PC,CHN,CS,2018,58,PUT014rad,NEBNext 28,CAAAAG,ACACTGAC,128692,NA,NA,NA
H2,PC_CHN_CS_2018_61,PC,CHN,CS,2018,61,PUT014rad,NEBNext 28,CAAAAG,CCGACAAC,133502,NA,NA,NA
A3,PC_CHN_CS_2017_157A,PC,CHN,CS,2017,157A,PUT014rad,NEBNext 28,CAAAAG,ACATTGGC,264612,282702,80697,0.00373471
B3,PC_CHN_CS_2018_63,PC,CHN,CS,2018,63,PUT014rad,NEBNext 28,CAAAAG,AACGCTTA,60634,NA,NA,NA
C3,PC_CHN_CS_2018_64,PC,CHN,CS,2018,64,PUT014rad,NEBNext 28,CAAAAG,AGTCACTA,131754,NA,NA,NA
D3,PC_CHN_CS_2018_69,PC,CHN,CS,2018,69,PUT014rad,NEBNext 28,CAAAAG,CCTCCTGA,91560,NA,NA,NA
E3,PC_CHN_CS_2018_70,PC,CHN,CS,2018,70,PUT014rad,NEBNext 28,CAAAAG,GCGAGTAA,70712,NA,NA,NA
F3,PC_CHN_CS_2018_73,PC,CHN,CS,2018,73,PUT014rad,NEBNext 28,CAAAAG,TCTTCACA,120100,NA,NA,NA
G3,PC_CHN_CS_2018_75,PC,CHN,CS,2018,75,PUT014rad,NEBNext 28,CAAAAG,ACAGATTC,186950,NA,NA,NA
H3,PC_CHN_CS_2017_163A,PC,CHN,CS,2017,163A,PUT014rad,NEBNext 28,CAAAAG,AGTCAAGC,143632,144922,21120,0.00108781
A4,PC_CHN_CS_2018_84,PC,CHN,CS,2018,84,PUT014rad,NEBNext 28,CAAAAG,ACCACTGT,230898,NA,NA,NA
B4,PC_CHN_CS_2018_85,PC,CHN,CS,2018,85,PUT014rad,NEBNext 28,CAAAAG,AAGACGGA,31874,NA,NA,NA
C4,PC_CHN_CS_2018_86,PC,CHN,CS,2018,86,PUT014rad,NEBNext 28,CAAAAG,ATCCTGTA,86270,NA,NA,NA
D4,PC_CHN_CS_2018_88,PC,CHN,CS,2018,88,PUT014rad,NEBNext 28,CAAAAG,CGAACTTA,148580,NA,NA,NA
E4,PC_CHN_CS_2018_93,PC,CHN,CS,2018,93,PUT014rad,NEBNext 28,CAAAAG,GCTAACGA,53582,NA,NA,NA
F4,PC_CHN_CS_2018_96,PC,CHN,CS,2018,96,PUT014rad,NEBNext 28,CAAAAG,TGAAGAGA,157630,NA,NA,NA
G4,PC_CHN_CS_2018_100,PC,CHN,CS,2018,100,PUT014rad,NEBNext 28,CAAAAG,AGATGTAC,61078,61211,9211,3.40046e-4
H4,PC_CHN_CS_2018_102,PC,CHN,CS,2018,102,PUT014rad,NEBNext 28,CAAAAG,CCTCTATC,334336,NA,NA,NA
A5,PC_CHN_CS_2018_103,PC,CHN,CS,2018,103,PUT014rad,NEBNext 28,CAAAAG,AACGTGAT,328016,NA,NA,NA
B5,PC_CHN_CS_2018_104,PC,CHN,CS,2018,104,PUT014rad,NEBNext 28,CAAAAG,AAGGTACA,72528,NA,NA,NA
C5,PC_CHN_CS_2018_105,PC,CHN,CS,2018,105,PUT014rad,NEBNext 28,CAAAAG,ATTGAGGA,57374,NA,NA,NA
D5,PC_CHN_CS_2018_107,PC,CHN,CS,2018,107,PUT014rad,NEBNext 28,CAAAAG,CGACTGGA,73884,NA,NA,NA
E5,PC_CHN_CS_2018_109,PC,CHN,CS,2018,109,PUT014rad,NEBNext 28,CAAAAG,GCTCGGTA,45744,NA,NA,NA
F5,PC_CHN_CS_2018_110,PC,CHN,CS,2018,110,PUT014rad,NEBNext 28,CAAAAG,TGGAACAA,115026,NA,NA,NA
G5,PC_CHN_CS_2018_112,PC,CHN,CS,2018,112,PUT014rad,NEBNext 28,CAAAAG,AGCACCTC,119092,NA,NA,NA
H5,PC_CHN_CS_2018_115,PC,CHN,CS,2018,115,PUT014rad,NEBNext 28,CAAAAG,CGACACAC,181122,NA,NA,NA
A6,PC_CHN_CS_2018_116,PC,CHN,CS,2018,116,PUT014rad,NEBNext 28,CAAAAG,CGCTGATC,139954,NA,NA,NA
B6,PC_CHN_CS_2018_120,PC,CHN,CS,2018,120,PUT014rad,NEBNext 28,CAAAAG,ACACAGAA,89644,NA,NA,NA
C6,PC_CHN_CS_2018_121,PC,CHN,CS,2018,121,PUT014rad,NEBNext 28,CAAAAG,CAACCACA,158882,NA,NA,NA
D6,PC_CHN_CS_2018_122,PC,CHN,CS,2018,122,PUT014rad,NEBNext 28,CAAAAG,CGCATACA,79826,NA,NA,NA
E6,PC_CHN_CS_2018_123,PC,CHN,CS,2018,123,PUT014rad,NEBNext 28,CAAAAG,GGAGAACA,52414,NA,NA,NA
F6,PC_CHN_CS_2018_124,PC,CHN,CS,2018,124,PUT014rad,NEBNext 28,CAAAAG,TGGCTTCA,40152,NA,NA,NA
G6,PC_CHN_CS_2017_164A,PC,CHN,CS,2017,164A,PUT014rad,NEBNext 28,CAAAAG,AGCCATGC,241122,246089,78778,0.00453224
H6,PC_CHN_CS_2018_126,PC,CHN,CS,2018,126,PUT014rad,NEBNext 28,CAAAAG,CGGATTGC,271036,NA,NA,NA
A7,PC_CHN_CS_2017_168A,PC,CHN,CS,2017,168A,PUT014rad,NEBNext 28,CAAAAG,CAGATCTG,403474,405273,60930,0.00293164
B7,PC_CHN_CS_2018_128,PC,CHN,CS,2018,128,PUT014rad,NEBNext 28,CAAAAG,ACAGCAGA,69874,NA,NA,NA
C7,PC_CHN_CS_2017_169A,PC,CHN,CS,2017,169A,PUT014rad,NEBNext 28,CAAAAG,CAAGACTA,57678,58770,8519,3.36638e-4
D7,PC_CHN_CS_2018_130,PC,CHN,CS,2018,130,PUT014rad,NEBNext 28,CAAAAG,CTCAATGA,66148,NA,NA,NA
E7,PC_CHN_CS_2017_170A,PC,CHN,CS,2017,170A,PUT014rad,NEBNext 28,CAAAAG,GGTGCGAA,55482,55537,3974,1.28523e-4
F7,PC_CHN_CS_2018_134,PC,CHN,CS,2018,134,PUT014rad,NEBNext 28,CAAAAG,TGGTGGTA,28586,NA,NA,NA
G7,PC_CHN_CS_2017_172A,PC,CHN,CS,2017,172A,PUT014rad,NEBNext 28,CAAAAG,AGGCTAAC,71816,72169,8178,3.78563e-4
H7,PC_CHN_CS_2018_136,PC,CHN,CS,2018,136,PUT014rad,NEBNext 28,CAAAAG,CTAAGGTC,194110,NA,NA,NA
A8,PC_CHN_CS_2018_143,PC,CHN,CS,2018,143,PUT014rad,NEBNext 28,CAAAAG,ATGCCTAA,73506,NA,NA,NA
B8,PC_CHN_CS_2018_145,PC,CHN,CS,2018,145,PUT014rad,NEBNext 28,CAAAAG,ACCTCCAA,90800,NA,NA,NA
C8,PC_CHN_CS_2018_146,PC,CHN,CS,2018,146,PUT014rad,NEBNext 28,CAAAAG,CAATGGAA,190760,NA,NA,NA
D8,PC_CHN_CS_2018_147,PC,CHN,CS,2018,147,PUT014rad,NEBNext 28,CAAAAG,CTGAGCCA,136936,NA,NA,NA
E8,PC_CHN_CS_2018_148,PC,CHN,CS,2018,148,PUT014rad,NEBNext 28,CAAAAG,GTACGCAA,84646,NA,NA,NA
F8,PC_CHN_CS_2018_149,PC,CHN,CS,2018,149,PUT014rad,NEBNext 28,CAAAAG,TTCACGCA,297406,NA,NA,NA
G8,PC_CHN_CS_2018_150,PC,CHN,CS,2018,150,PUT014rad,NEBNext 28,CAAAAG,ATAGCGAC,122950,NA,NA,NA
H8,PC_CHN_CS_2018_151,PC,CHN,CS,2018,151,PUT014rad,NEBNext 28,CAAAAG,GAACAGGC,239690,NA,NA,NA
A9,PC_CHN_CS_2018_153,PC,CHN,CS,2018,153,PUT014rad,NEBNext 28,CAAAAG,AACGAACG,89896,NA,NA,NA
B9,PC_CHN_CS_2018_156,PC,CHN,CS,2018,156,PUT014rad,NEBNext 28,CAAAAG,ACGCTCGA,38724,NA,NA,NA
C9,PC_CHN_CS_2017_129C,PC,CHN,CS,2017,129C,PUT014rad,NEBNext 28,CAAAAG,CACTTCGA,50658,55292,19514,9.80871e-4
D9,PC_CHN_CS_2018_160,PC,CHN,CS,2018,160,PUT014rad,NEBNext 28,CAAAAG,CTGGCATA,70686,NA,NA,NA
E9,PC_CHN_CS_2018_164,PC,CHN,CS,2018,164,PUT014rad,NEBNext 28,CAAAAG,GTCGTAGA,19958,NA,NA,NA
F9,PC_CHN_CS_2018_169,PC,CHN,CS,2018,169,PUT014rad,NEBNext 28,CAAAAG,ACACGAGA,46708,NA,NA,NA
G9,PC_CHN_CS_2018_170,PC,CHN,CS,2018,170,PUT014rad,NEBNext 28,CAAAAG,ACGACAAG,87374,NA,NA,NA
H9,PC_CHN_CS_2018_172,PC,CHN,CS,2018,172,PUT014rad,NEBNext 28,CAAAAG,GACAGTGC,85184,NA,NA,NA
A10,PC_CHN_CS_2017_131C,PC,CHN,CS,2017,131C,PUT014rad,NEBNext 28,CAAAAG,AGTACAAG,171416,175541,29439,0.00145975
B10,PC_CHN_CS_2018_176,PC,CHN,CS,2018,176,PUT014rad,NEBNext 28,CAAAAG,ACGTATCA,54178,NA,NA,NA
C10,PC_CHN_CS_2018_177,PC,CHN,CS,2018,177,PUT014rad,NEBNext 28,CAAAAG,CAGCGTTA,108594,NA,NA,NA
D10,PC_CHN_CS_2018_178,PC,CHN,CS,2018,178,PUT014rad,NEBNext 28,CAAAAG,GAATCTGA,178394,NA,NA,NA
E10,PC_CHN_CS_2017_140B,PC,CHN,CS,2017,140B,PUT014rad,NEBNext 28,CAAAAG,GTCTGTCA,45590,48119,13153,6.64758e-4
F10,PC_CHN_CS_2018_181,PC,CHN,CS,2018,181,PUT014rad,NEBNext 28,CAAAAG,AAGAGATC,132386,NA,NA,NA
G10,PC_CHN_CS_2018_182,PC,CHN,CS,2018,182,PUT014rad,NEBNext 28,CAAAAG,ATTGGCTC,55062,NA,NA,NA
H10,PC_CHN_CS_2018_184,PC,CHN,CS,2018,184,PUT014rad,NEBNext 28,CAAAAG,GAGTTAGC,387218,NA,NA,NA
A11,PC_CHN_CS_2018_185,PC,CHN,CS,2018,185,PUT014rad,NEBNext 28,CAAAAG,CATCAAGT,96376,NA,NA,NA
B11,PC_CHN_CS_2018_188,PC,CHN,CS,2018,188,PUT014rad,NEBNext 28,CAAAAG,ACTATGCA,17844,NA,NA,NA
C11,PC_CHN_CS_2018_189,PC,CHN,CS,2018,189,PUT014rad,NEBNext 28,CAAAAG,CATACCAA,21168,NA,NA,NA
D11,PC_CHN_CS_2018_190,PC,CHN,CS,2018,190,PUT014rad,NEBNext 28,CAAAAG,GACTAGTA,7144,NA,NA,NA
E11,PC_CHN_CS_2018_197,PC,CHN,CS,2018,197,PUT014rad,NEBNext 28,CAAAAG,GTGTTCTA,34984,NA,NA,NA
F11,PC_CHN_CS_2018_201,PC,CHN,CS,2018,201,PUT014rad,NEBNext 28,CAAAAG,AAGGACAC,14706,NA,NA,NA
G11,PC_CHN_CS_2018_25,PC,CHN,CS,2018,25,PUT014rad,NEBNext 28,CAAAAG,CAAGGAGC,64788,NA,NA,NA
H11,PC_CHN_CS_2018_167,PC,CHN,CS,2018,167,PUT014rad,NEBNext 28,CAAAAG,GATGAATC,344966,NA,NA,NA
A12,PC_CHN_CS_2016_002,PC,CHN,CS,2016,002,PUT014rad,NEBNext 28,CAAAAG,AGTGGTCA,44490,46355,7268,3.26635e-4
B12,PC_CHN_CS_2016_003,PC,CHN,CS,2016,003,PUT014rad,NEBNext 28,CAAAAG,AGAGTCAA,25734,25749,2947,5.79932e-5
C12,PC_CHN_CS_2016_004,PC,CHN,CS,2016,004,PUT014rad,NEBNext 28,CAAAAG,CCAGTTCA,13160,13174,1555,4.35316e-5
D12,PC_CHN_CS_2017_142B,PC,CHN,CS,2017,142B,PUT014rad,NEBNext 28,CAAAAG,GAGCTGAA,120128,123674,40283,0.00230037
E12,PC_CHN_CS_2016_008,PC,CHN,CS,2016,008,PUT014rad,NEBNext 28,CAAAAG,TAGGATGA,34300,36330,13623,7.34533e-4
F12,PC_CHN_CS_2017_128D,PC,CHN,CS,2017,128D,PUT014rad,NEBNext 28,CAAAAG,AATCCGTC,154214,163108,52546,0.00287783
G12,PC_CHN_CS_2017_133C,PC,CHN,CS,2017,133C,PUT014rad,NEBNext 28,CAAAAG,CACCTTAC,22362,22419,2091,8.77269e-5
H12,PC_CHN_CS_2017_136C,PC,CHN,CS,2017,136C,PUT014rad,NEBNext 28,CAAAAG,GCCAAGAC,105120,105566,9474,3.56567e-4
A1,PC_CHN_RST_2018_167,PC,CHN,RST,2018,167,PUT015rad,NEBNext 29,CAACTA,ACAAGCTA,1451526,NA,NA,NA
B1,PC_CHN_CS_2017_139C,PC,CHN,CS,2017,139C,PUT015rad,NEBNext 29,CAACTA,AACAACCA,716062,732804,68333,0.00360231
C1,PC_CHN_RST_2018_194,PC,CHN,RST,2018,194,PUT015rad,NEBNext 29,CAACTA,AGATCGCA,2150122,NA,NA,NA
D1,PC_CHN_RST_2018_213,PC,CHN,RST,2018,213,PUT015rad,NEBNext 29,CAACTA,CCGAAGTA,226172,NA,NA,NA
E1,PC_CHN_RST_2018_223,PC,CHN,RST,2018,223,PUT015rad,NEBNext 29,CAACTA,GATAGACA,539686,NA,NA,NA
F1,PC_CHN_CS_2017_177A,PC,CHN,CS,2017,177A,PUT015rad,NEBNext 29,CAACTA,TATCAGCA,1974810,2031756,217845,0.0114484
G1,PC_CHN_RST_2018_250,PC,CHN,RST,2018,250,PUT015rad,NEBNext 29,CAACTA,AATGTTGC,1464700,NA,NA,NA
H1,PC_CHN_RST_2018_259,PC,CHN,RST,2018,259,PUT015rad,NEBNext 29,CAACTA,CCATCCTC,787364,NA,NA,NA
A2,PC_CHN_CS_2017_186A,PC,CHN,CS,2017,186A,PUT015rad,NEBNext 29,CAACTA,AAACATCG,2201250,2204801,56380,0.00260708
B2,PC_CHN_CS_2017_192A,PC,CHN,CS,2017,192A,PUT015rad,NEBNext 29,CAACTA,AACCGAGA,835632,838387,31479,0.00144247
C2,PC_CHN_RST_2018_286,PC,CHN,RST,2018,286,PUT015rad,NEBNext 29,CAACTA,AGCAGGAA,1177070,NA,NA,NA
D2,PC_CHN_RST_2018_304,PC,CHN,RST,2018,304,PUT015rad,NEBNext 29,CAACTA,CCGTGAGA,842984,NA,NA,NA
E2,PC_CHN_CS_2017_193A,PC,CHN,CS,2017,193A,PUT015rad,NEBNext 29,CAACTA,GCCACATA,493754,493854,9301,1.76989e-4
F2,PC_CHN_RST_2018_323,PC,CHN,RST,2018,323,PUT015rad,NEBNext 29,CAACTA,TCCGTCTA,917614,NA,NA,NA
G2,PC_CHN_RST_2018_326,PC,CHN,RST,2018,326,PUT015rad,NEBNext 29,CAACTA,ACACTGAC,1453786,NA,NA,NA
H2,PC_CHN_RST_2018_350,PC,CHN,RST,2018,350,PUT015rad,NEBNext 29,CAACTA,CCGACAAC,1211112,NA,NA,NA
A3,PC_CHN_RST_2018_359,PC,CHN,RST,2018,359,PUT015rad,NEBNext 29,CAACTA,ACATTGGC,1094958,NA,NA,NA
B3,PC_CHN_RST_2018_368,PC,CHN,RST,2018,368,PUT015rad,NEBNext 29,CAACTA,AACGCTTA,691528,NA,NA,NA
C3,PC_CHN_CS_2017_194A,PC,CHN,CS,2017,194A,PUT015rad,NEBNext 29,CAACTA,AGTCACTA,1273666,1273767,18948,3.37027e-4
D3,PC_CHN_CS_2017_129D,PC,CHN,CS,2017,129D,PUT015rad,NEBNext 29,CAACTA,CCTCCTGA,738198,783186,112204,0.00572503
E3,PC_CHN_RST_2018_414,PC,CHN,RST,2018,414,PUT015rad,NEBNext 29,CAACTA,GCGAGTAA,503090,NA,NA,NA
F3,PC_CHN_CS_2017_131D,PC,CHN,CS,2017,131D,PUT015rad,NEBNext 29,CAACTA,TCTTCACA,922480,939723,114635,0.00646864
G3,PC_CHN_RST_2018_423,PC,CHN,RST,2018,423,PUT015rad,NEBNext 29,CAACTA,ACAGATTC,1568070,NA,NA,NA
H3,PC_CHN_RST_2018_432,PC,CHN,RST,2018,432,PUT015rad,NEBNext 29,CAACTA,AGTCAAGC,1082880,NA,NA,NA
A4,PC_CHN_RST_2018_441,PC,CHN,RST,2018,441,PUT015rad,NEBNext 29,CAACTA,ACCACTGT,1267832,NA,NA,NA
B4,PC_CHN_RST_2018_450,PC,CHN,RST,2018,450,PUT015rad,NEBNext 29,CAACTA,AAGACGGA,1062988,NA,NA,NA
C4,PC_CHN_RST_2018_459,PC,CHN,RST,2018,459,PUT015rad,NEBNext 29,CAACTA,ATCCTGTA,1173426,NA,NA,NA
D4,PC_CHN_RST_2018_464,PC,CHN,RST,2018,464,PUT015rad,NEBNext 29,CAACTA,CGAACTTA,450736,NA,NA,NA
E4,PC_CHN_RST_2018_522,PC,CHN,RST,2018,522,PUT015rad,NEBNext 29,CAACTA,GCTAACGA,530896,NA,NA,NA
F4,PC_CHN_RST_2018_531,PC,CHN,RST,2018,531,PUT015rad,NEBNext 29,CAACTA,TGAAGAGA,1462162,NA,NA,NA
G4,PC_CHN_RST_2018_558,PC,CHN,RST,2018,558,PUT015rad,NEBNext 29,CAACTA,AGATGTAC,1289904,NA,NA,NA
H4,PC_CHN_RST_2018_576,PC,CHN,RST,2018,576,PUT015rad,NEBNext 29,CAACTA,CCTCTATC,1727958,NA,NA,NA
A5,PC_CHN_RST_2018_585,PC,CHN,RST,2018,585,PUT015rad,NEBNext 29,CAACTA,AACGTGAT,3634596,NA,NA,NA
B5,PC_CHN_CS_2017_140C,PC,CHN,CS,2017,140C,PUT015rad,NEBNext 29,CAACTA,AAGGTACA,1131834,1172908,146837,0.00790557
C5,PC_CHN_RST_2018_612,PC,CHN,RST,2018,612,PUT015rad,NEBNext 29,CAACTA,ATTGAGGA,830836,NA,NA,NA
D5,PC_CHN_RST_2018_648,PC,CHN,RST,2018,648,PUT015rad,NEBNext 29,CAACTA,CGACTGGA,540432,NA,NA,NA
E5,PC_CHN_RST_2018_657,PC,CHN,RST,2018,657,PUT015rad,NEBNext 29,CAACTA,GCTCGGTA,422922,NA,NA,NA
F5,PC_CHN_RST_2018_666,PC,CHN,RST,2018,666,PUT015rad,NEBNext 29,CAACTA,TGGAACAA,1145184,NA,NA,NA
G5,PC_CHN_CS_2017_142C,PC,CHN,CS,2017,142C,PUT015rad,NEBNext 29,CAACTA,AGCACCTC,1769392,1791464,138820,0.0073491
H5,PC_CHN_RST_2018_729,PC,CHN,RST,2018,729,PUT015rad,NEBNext 29,CAACTA,CGACACAC,1850466,NA,NA,NA
A6,PC_CHN_RST_2018_738,PC,CHN,RST,2018,738,PUT015rad,NEBNext 29,CAACTA,CGCTGATC,7605788,NA,NA,NA
B6,PC_CHN_RST_2018_801,PC,CHN,RST,2018,801,PUT015rad,NEBNext 29,CAACTA,ACACAGAA,502220,NA,NA,NA
C6,PC_CHN_RST_2018_828,PC,CHN,RST,2018,828,PUT015rad,NEBNext 29,CAACTA,CAACCACA,1643004,NA,NA,NA
D6,PC_CHN_RST_2018_837,PC,CHN,RST,2018,837,PUT015rad,NEBNext 29,CAACTA,CGCATACA,847532,NA,NA,NA
E6,PC_CHN_RST_2018_864,PC,CHN,RST,2018,864,PUT015rad,NEBNext 29,CAACTA,GGAGAACA,531876,NA,NA,NA
F6,PC_CHN_RST_2018_873,PC,CHN,RST,2018,873,PUT015rad,NEBNext 29,CAACTA,TGGCTTCA,499672,NA,NA,NA
G6,PC_CHN_RST_2018_882,PC,CHN,RST,2018,882,PUT015rad,NEBNext 29,CAACTA,AGCCATGC,1549930,NA,NA,NA
H6,PC_CHN_RST_2018_891,PC,CHN,RST,2018,891,PUT015rad,NEBNext 29,CAACTA,CGGATTGC,2015086,NA,NA,NA
A7,PC_CHN_CS_2017_143C,PC,CHN,CS,2017,143C,PUT015rad,NEBNext 29,CAACTA,CAGATCTG,10018,10091,4666,2.99835e-4
B7,PC_CHN_RST_2018_909,PC,CHN,RST,2018,909,PUT015rad,NEBNext 29,CAACTA,ACAGCAGA,577032,NA,NA,NA
C7,PC_CHN_CS_2017_150B,PC,CHN,CS,2017,150B,PUT015rad,NEBNext 29,CAACTA,CAAGACTA,277440,306342,32504,0.0012378
D7,PC_CHN_CS_2017_153B,PC,CHN,CS,2017,153B,PUT015rad,NEBNext 29,CAACTA,CTCAATGA,194398,221564,35966,0.00154817
E7,PC_CHN_CS_2017_234A,PC,CHN,CS,2017,234A,PUT015rad,NEBNext 29,CAACTA,GGTGCGAA,592600,598556,45950,0.00256457
F7,PC_CHN_RST_2018_972,PC,CHN,RST,2018,972,PUT015rad,NEBNext 29,CAACTA,TGGTGGTA,230694,NA,NA,NA
G7,PC_CHN_RST_2018_981,PC,CHN,RST,2018,981,PUT015rad,NEBNext 29,CAACTA,AGGCTAAC,1229136,NA,NA,NA
H7,PC_CHN_RST_2018_990,PC,CHN,RST,2018,990,PUT015rad,NEBNext 29,CAACTA,CTAAGGTC,2306456,NA,NA,NA
A8,PC_CHN_RST_2018_1008,PC,CHN,RST,2018,1008,PUT015rad,NEBNext 29,CAACTA,ATGCCTAA,1962256,NA,NA,NA
B8,PC_CHN_RST_2018_1017,PC,CHN,RST,2018,1017,PUT015rad,NEBNext 29,CAACTA,ACCTCCAA,918980,NA,NA,NA
C8,PC_CHN_RST_2018_1026,PC,CHN,RST,2018,1026,PUT015rad,NEBNext 29,CAACTA,CAATGGAA,1723282,NA,NA,NA
D8,PC_CHN_CS_2017_237A,PC,CHN,CS,2017,237A,PUT015rad,NEBNext 29,CAACTA,CTGAGCCA,932034,NA,NA,NA
E8,PC_CHN_RST_2018_1053,PC,CHN,RST,2018,1053,PUT015rad,NEBNext 29,CAACTA,GTACGCAA,959640,NA,NA,NA
F8,PC_CHN_CS_2017_239A,PC,CHN,CS,2017,239A,PUT015rad,NEBNext 29,CAACTA,TTCACGCA,820144,NA,NA,NA
G8,PC_CHN_RST_2018_1092,PC,CHN,RST,2018,1092,PUT015rad,NEBNext 29,CAACTA,ATAGCGAC,656704,NA,NA,NA
H8,PC_CHN_CS_2017_240A,PC,CHN,CS,2017,240A,PUT015rad,NEBNext 29,CAACTA,GAACAGGC,1387468,1388449,36397,0.00132879
A9,PC_CHN_RST_2018_1110,PC,CHN,RST,2018,1110,PUT015rad,NEBNext 29,CAACTA,AACGAACG,1015938,NA,NA,NA
B9,PC_CHN_RST_2018_1119,PC,CHN,RST,2018,1119,PUT015rad,NEBNext 29,CAACTA,ACGCTCGA,522346,NA,NA,NA
C9,PC_CHN_RST_2018_1137,PC,CHN,RST,2018,1137,PUT015rad,NEBNext 29,CAACTA,CACTTCGA,582646,NA,NA,NA
D9,PC_CHN_CS_2017_241A,PC,CHN,CS,2017,241A,PUT015rad,NEBNext 29,CAACTA,CTGGCATA,684168,NA,NA,NA
E9,PC_CHN_CS_2017_150C,PC,CHN,CS,2017,150C,PUT015rad,NEBNext 29,CAACTA,GTCGTAGA,217188,217628,6322,2.32623e-4
F9,PC_CHN_CS_2017_151C,PC,CHN,CS,2017,151C,PUT015rad,NEBNext 29,CAACTA,ACACGAGA,341162,351870,22606,9.63308e-4
G9,PC_CHN_RST_2018_1174,PC,CHN,RST,2018,1174,PUT015rad,NEBNext 29,CAACTA,ACGACAAG,1234866,NA,NA,NA
H9,PC_CHN_CS_2017_152C,PC,CHN,CS,2017,152C,PUT015rad,NEBNext 29,CAACTA,GACAGTGC,2871636,2871825,17112,2.49416e-4
A10,PC_CHN_RST_2018_1201,PC,CHN,RST,2018,1201,PUT015rad,NEBNext 29,CAACTA,AGTACAAG,3214394,NA,NA,NA
B10,PC_CHN_CS_2017_158C,PC,CHN,CS,2017,158C,PUT015rad,NEBNext 29,CAACTA,ACGTATCA,640284,710405,113117,0.0052416
C10,PC_CHN_RST_2018_1228,PC,CHN,RST,2018,1228,PUT015rad,NEBNext 29,CAACTA,CAGCGTTA,792352,NA,NA,NA
D10,PC_CHN_RST_2018_1237,PC,CHN,RST,2018,1237,PUT015rad,NEBNext 29,CAACTA,GAATCTGA,1380658,NA,NA,NA
E10,PC_CHN_CS_2017_156B,PC,CHN,CS,2017,156B,PUT015rad,NEBNext 29,CAACTA,GTCTGTCA,60370,60439,1513,3.8625e-5
F10,PC_CHN_RST_2018_1282,PC,CHN,RST,2018,1282,PUT015rad,NEBNext 29,CAACTA,AAGAGATC,2780652,NA,NA,NA
G10,PC_CHN_RST_2018_1291,PC,CHN,RST,2018,1291,PUT015rad,NEBNext 29,CAACTA,ATTGGCTC,915408,NA,NA,NA
H10,PC_CHN_RST_2018_1300,PC,CHN,RST,2018,1300,PUT015rad,NEBNext 29,CAACTA,GAGTTAGC,2890546,NA,NA,NA
A11,PC_CHN_RST_2018_1309,PC,CHN,RST,2018,1309,PUT015rad,NEBNext 29,CAACTA,CATCAAGT,1624010,NA,NA,NA
B11,PC_CHN_RST_2018_1318,PC,CHN,RST,2018,1318,PUT015rad,NEBNext 29,CAACTA,ACTATGCA,337868,NA,NA,NA
C11,PC_CHN_RST_2018_1336,PC,CHN,RST,2018,1336,PUT015rad,NEBNext 29,CAACTA,CATACCAA,522620,NA,NA,NA
D11,PC_CHN_RST_2018_1382,PC,CHN,RST,2018,1382,PUT015rad,NEBNext 29,CAACTA,GACTAGTA,683194,NA,NA,NA
E11,PC_CHN_CS_2017_157B,PC,CHN,CS,2017,157B,PUT015rad,NEBNext 29,CAACTA,GTGTTCTA,465660,498417,70724,0.003637
F11,PC_CHN_RST_2018_1404,PC,CHN,RST,2018,1404,PUT015rad,NEBNext 29,CAACTA,AAGGACAC,627254,NA,NA,NA
G11,PC_CHN_RST_2018_1427,PC,CHN,RST,2018,1427,PUT015rad,NEBNext 29,CAACTA,CAAGGAGC,772602,NA,NA,NA
H11,PC_CHN_RST_2018_1445,PC,CHN,RST,2018,1445,PUT015rad,NEBNext 29,CAACTA,GATGAATC,3337534,NA,NA,NA
A12,PC_CHN_RST_2018_1454,PC,CHN,RST,2018,1454,PUT015rad,NEBNext 29,CAACTA,AGTGGTCA,1843370,NA,NA,NA
B12,PC_CHN_RST_2018_1463,PC,CHN,RST,2018,1463,PUT015rad,NEBNext 29,CAACTA,AGAGTCAA,428468,NA,NA,NA
C12,PC_CHN_RST_2018_1472,PC,CHN,RST,2018,1472,PUT015rad,NEBNext 29,CAACTA,CCAGTTCA,576636,NA,NA,NA
D12,PC_CHN_CS_2017_204A,PC,CHN,CS,2017,204A,PUT015rad,NEBNext 29,CAACTA,GAGCTGAA,1835804,1853849,203016,0.0117134
E12,PC_CHN_RST_2018_1490,PC,CHN,RST,2018,1490,PUT015rad,NEBNext 29,CAACTA,TAGGATGA,559726,NA,NA,NA
F12,PC_CHN_RST_2018_1508,PC,CHN,RST,2018,1508,PUT015rad,NEBNext 29,CAACTA,AATCCGTC,1490812,NA,NA,NA
G12,PC_CHN_CS_2017_205A,PC,CHN,CS,2017,205A,PUT015rad,NEBNext 29,CAACTA,CACCTTAC,982726,1062078,152776,0.00753096
H12,PC_CHN_RST_2018_1537,PC,CHN,RST,2018,1537,PUT015rad,NEBNext 29,CAACTA,GCCAAGAC,1365396,NA,NA,NA
A1,PC_CHN_RST_2018_1546,PC,CHN,RST,2018,1546,PUT016rad,NEBNext 33,CAGGCG,ACAAGCTA,991206,NA,NA,NA
B1,PC_CHN_RST_2018_1564,PC,CHN,RST,2018,1564,PUT016rad,NEBNext 33,CAGGCG,AACAACCA,665484,NA,NA,NA
C1,PC_CHN_RST_2018_1582,PC,CHN,RST,2018,1582,PUT016rad,NEBNext 33,CAGGCG,AGATCGCA,1776826,NA,NA,NA
D1,PC_CHN_RST_2018_1591,PC,CHN,RST,2018,1591,PUT016rad,NEBNext 33,CAGGCG,CCGAAGTA,166614,NA,NA,NA
E1,PC_CHN_RST_2018_1600,PC,CHN,RST,2018,1600,PUT016rad,NEBNext 33,CAGGCG,GATAGACA,391120,NA,NA,NA
F1,PC_CHN_CS_2017_206A,PC,CHN,CS,2017,206A,PUT016rad,NEBNext 33,CAGGCG,TATCAGCA,808606,809240,24338,7.63938e-4
G1,PC_CHN_RST_2018_1619,PC,CHN,RST,2018,1619,PUT016rad,NEBNext 33,CAGGCG,AATGTTGC,1200450,NA,NA,NA
H1,PC_CHN_RST_2018_1627,PC,CHN,RST,2018,1627,PUT016rad,NEBNext 33,CAGGCG,CCATCCTC,378488,NA,NA,NA
A2,PC_CHN_RST_2018_1636,PC,CHN,RST,2018,1636,PUT016rad,NEBNext 33,CAGGCG,AAACATCG,1691768,NA,NA,NA
B2,PC_CHN_CS_2017_207A,PC,CHN,CS,2017,207A,PUT016rad,NEBNext 33,CAGGCG,AACCGAGA,744476,744510,7630,1.04937e-4
C2,PC_CHN_RST_2018_1654,PC,CHN,RST,2018,1654,PUT016rad,NEBNext 33,CAGGCG,AGCAGGAA,1247494,NA,NA,NA
D2,PC_CHN_RST_2018_1672,PC,CHN,RST,2018,1672,PUT016rad,NEBNext 33,CAGGCG,CCGTGAGA,787318,NA,NA,NA
E2,PC_CHN_RST_2018_1681,PC,CHN,RST,2018,1681,PUT016rad,NEBNext 33,CAGGCG,GCCACATA,349464,NA,NA,NA
F2,PC_CHN_RST_2018_1699,PC,CHN,RST,2018,1699,PUT016rad,NEBNext 33,CAGGCG,TCCGTCTA,594558,NA,NA,NA
G2,PC_CHN_CS_2017_209A,PC,CHN,CS,2017,209A,PUT016rad,NEBNext 33,CAGGCG,ACACTGAC,1149434,1154620,41762,0.00169271
H2,PC_CHN_CS_2017_210A,PC,CHN,CS,2017,210A,PUT016rad,NEBNext 33,CAGGCG,CCGACAAC,987586,987686,18695,3.24662e-4
A3,PC_CHN_CS_2017_213A,PC,CHN,CS,2017,213A,PUT016rad,NEBNext 33,CAGGCG,ACATTGGC,2287050,2290654,63428,0.00250946
B3,PC_CHN_RST_2018_1735,PC,CHN,RST,2018,1735,PUT016rad,NEBNext 33,CAGGCG,AACGCTTA,609076,NA,NA,NA
C3,PC_CHN_RST_2018_1744,PC,CHN,RST,2018,1744,PUT016rad,NEBNext 33,CAGGCG,AGTCACTA,1733892,NA,NA,NA
D3,PC_CHN_CS_2017_217A,PC,CHN,CS,2017,217A,PUT016rad,NEBNext 33,CAGGCG,CCTCCTGA,597082,599307,53073,0.00276411
E3,PC_CHN_RST_2018_1762,PC,CHN,RST,2018,1762,PUT016rad,NEBNext 33,CAGGCG,GCGAGTAA,601334,NA,NA,NA
F3,PC_CHN_RST_2018_1771,PC,CHN,RST,2018,1771,PUT016rad,NEBNext 33,CAGGCG,TCTTCACA,1278294,NA,NA,NA
G3,PC_CHN_RST_2018_1780,PC,CHN,RST,2018,1780,PUT016rad,NEBNext 33,CAGGCG,ACAGATTC,1371814,NA,NA,NA
H3,PC_CHN_RST_2018_1789,PC,CHN,RST,2018,1789,PUT016rad,NEBNext 33,CAGGCG,AGTCAAGC,1010160,NA,NA,NA
A4,PC_CHN_CS_2017_223A,PC,CHN,CS,2017,223A,PUT016rad,NEBNext 33,CAGGCG,ACCACTGT,1087182,NA,NA,NA
B4,PC_CHN_CS_2017_224A,PC,CHN,CS,2017,224A,PUT016rad,NEBNext 33,CAGGCG,AAGACGGA,689414,NA,NA,NA
C4,PC_CHN_RST_2018_1834,PC,CHN,RST,2018,1834,PUT016rad,NEBNext 33,CAGGCG,ATCCTGTA,1268550,NA,NA,NA
D4,PC_CHN_RST_2018_1952,PC,CHN,RST,2018,1952,PUT016rad,NEBNext 33,CAGGCG,CGAACTTA,527568,NA,NA,NA
E4,PC_CHN_RST_2018_1853,PC,CHN,RST,2018,1853,PUT016rad,NEBNext 33,CAGGCG,GCTAACGA,519962,NA,NA,NA
F4,PC_CHN_RST_2018_1871,PC,CHN,RST,2018,1871,PUT016rad,NEBNext 33,CAGGCG,TGAAGAGA,1006606,NA,NA,NA
G4,PC_CHN_RST_2018_1880,PC,CHN,RST,2018,1880,PUT016rad,NEBNext 33,CAGGCG,AGATGTAC,729800,NA,NA,NA
H4,PC_CHN_RST_2018_1898,PC,CHN,RST,2018,1898,PUT016rad,NEBNext 33,CAGGCG,CCTCTATC,1587510,NA,NA,NA
A5,PC_CHN_RST_2018_1970,PC,CHN,RST,2018,1970,PUT016rad,NEBNext 33,CAGGCG,AACGTGAT,2090848,NA,NA,NA
B5,PC_CHN_RST_2018_2079,PC,CHN,RST,2018,2079,PUT016rad,NEBNext 33,CAGGCG,AAGGTACA,520634,NA,NA,NA
C5,PC_CHN_RST_2018_2133,PC,CHN,RST,2018,2133,PUT016rad,NEBNext 33,CAGGCG,ATTGAGGA,565124,NA,NA,NA
D5,PC_CHN_RST_2018_2151,PC,CHN,RST,2018,2151,PUT016rad,NEBNext 33,CAGGCG,CGACTGGA,878360,NA,NA,NA
E5,PC_CHN_RST_2018_2169,PC,CHN,RST,2018,2169,PUT016rad,NEBNext 33,CAGGCG,GCTCGGTA,276972,NA,NA,NA
F5,PC_CHN_RST_2018_2178,PC,CHN,RST,2018,2178,PUT016rad,NEBNext 33,CAGGCG,TGGAACAA,593682,NA,NA,NA
G5,PC_CHN_RST_2018_2187,PC,CHN,RST,2018,2187,PUT016rad,NEBNext 33,CAGGCG,AGCACCTC,1088860,NA,NA,NA
H5,PC_CHN_RST_2018_2196,PC,CHN,RST,2018,2196,PUT016rad,NEBNext 33,CAGGCG,CGACACAC,1395656,NA,NA,NA
A6,PC_CHN_RST_2018_2241,PC,CHN,RST,2018,2241,PUT016rad,NEBNext 33,CAGGCG,CGCTGATC,3227896,NA,NA,NA
B6,PC_CHN_RST_2018_2259,PC,CHN,RST,2018,2259,PUT016rad,NEBNext 33,CAGGCG,ACACAGAA,520114,NA,NA,NA
C6,PC_CHN_RST_2018_2277,PC,CHN,RST,2018,2277,PUT016rad,NEBNext 33,CAGGCG,CAACCACA,588060,NA,NA,NA
D6,PC_CHN_RST_2018_2295,PC,CHN,RST,2018,2295,PUT016rad,NEBNext 33,CAGGCG,CGCATACA,506280,NA,NA,NA
E6,PC_CHN_RST_2018_2322,PC,CHN,RST,2018,2322,PUT016rad,NEBNext 33,CAGGCG,GGAGAACA,569070,NA,NA,NA
F6,PC_CHN_RST_2018_2356,PC,CHN,RST,2018,2356,PUT016rad,NEBNext 33,CAGGCG,TGGCTTCA,358494,NA,NA,NA
G6,PC_CHN_RST_2018_2410,PC,CHN,RST,2018,2410,PUT016rad,NEBNext 33,CAGGCG,AGCCATGC,1282724,NA,NA,NA
H6,PC_CHN_RST_2018_2428,PC,CHN,RST,2018,2428,PUT016rad,NEBNext 33,CAGGCG,CGGATTGC,1280892,NA,NA,NA
A7,PC_CHN_RST_2018_2437,PC,CHN,RST,2018,2437,PUT016rad,NEBNext 33,CAGGCG,CAGATCTG,2148502,NA,NA,NA
B7,PC_CHN_RST_2018_2465,PC,CHN,RST,2018,2465,PUT016rad,NEBNext 33,CAGGCG,ACAGCAGA,507952,NA,NA,NA
C7,PC_CHN_RST_2018_2474,PC,CHN,RST,2018,2474,PUT016rad,NEBNext 33,CAGGCG,CAAGACTA,778206,NA,NA,NA
D7,PC_CHN_RST_2018_2483,PC,CHN,RST,2018,2483,PUT016rad,NEBNext 33,CAGGCG,CTCAATGA,649496,NA,NA,NA
E7,PC_CHN_RST_2018_2487,PC,CHN,RST,2018,2487,PUT016rad,NEBNext 33,CAGGCG,GGTGCGAA,358912,NA,NA,NA
F7,PC_CHN_RST_2018_2492,PC,CHN,RST,2018,2492,PUT016rad,NEBNext 33,CAGGCG,TGGTGGTA,428658,NA,NA,NA
