Well,SampleName,PlateName,PlateBarcodeName,PlateBarcodeSeq,SampleBarcode
A1,PC_CHN_CS_2020-020,PUT017rad,NEBNext 34,CATGGC,ACAAGCTA
B1,PC_CHN_CS_2020-022,PUT017rad,NEBNext 34,CATGGC,AACAACCA
C1,PC_CHN_CS_2020-023,PUT017rad,NEBNext 34,CATGGC,AGATCGCA
D1,PC_CHN_CS_2020-024,PUT017rad,NEBNext 34,CATGGC,CCGAAGTA
E1,PC_CHN_CS_2020-026,PUT017rad,NEBNext 34,CATGGC,GATAGACA
F1,PC_CHN_CS_2020-027,PUT017rad,NEBNext 34,CATGGC,TATCAGCA
G1,PC_CHN_CS_2020-028,PUT017rad,NEBNext 34,CATGGC,AATGTTGC
H1,PC_CHN_CS_2020-029,PUT017rad,NEBNext 34,CATGGC,CCATCCTC
A2,PC_CHN_CS_2020-031,PUT017rad,NEBNext 34,CATGGC,AAACATCG
B2,PC_CHN_CS_2020-032,PUT017rad,NEBNext 34,CATGGC,AACCGAGA
C2,PC_CHN_CS_2020-033,PUT017rad,NEBNext 34,CATGGC,AGCAGGAA
D2,PC_CHN_CS_2018_87,PUT017rad,NEBNext 34,CATGGC,CCGTGAGA
E2,PC_CHN_CS_2018_92,PUT017rad,NEBNext 34,CATGGC,GCCACATA
F2,PC_CHN_CS_2020-036,PUT017rad,NEBNext 34,CATGGC,TCCGTCTA
G2,PC_CHN_CS_2020-037,PUT017rad,NEBNext 34,CATGGC,ACACTGAC
H2,PC_CHN_CS_2020-040,PUT017rad,NEBNext 34,CATGGC,CCGACAAC
A3,PC_CHN_CS_2020-041,PUT017rad,NEBNext 34,CATGGC,ACATTGGC
B3,PC_CHN_CS_2020-042,PUT017rad,NEBNext 34,CATGGC,AACGCTTA
C3,PC_CHN_CS_2020-043,PUT017rad,NEBNext 34,CATGGC,AGTCACTA
D3,PC_CHN_CS_2020-044,PUT017rad,NEBNext 34,CATGGC,CCTCCTGA
E3,PC_CHN_CS_2020-045,PUT017rad,NEBNext 34,CATGGC,GCGAGTAA
F3,PC_CHN_CS_2018_94,PUT017rad,NEBNext 34,CATGGC,TCTTCACA
G3,PC_CHN_CS_2018_95,PUT017rad,NEBNext 34,CATGGC,ACAGATTC
H3,PC_CHN_CS_2020-049,PUT017rad,NEBNext 34,CATGGC,AGTCAAGC
A4,PC_CHN_CS_2020-051,PUT017rad,NEBNext 34,CATGGC,ACCACTGT
B4,PC_CHN_CS_2020-052,PUT017rad,NEBNext 34,CATGGC,AAGACGGA
C4,PC_CHN_CS_2020-053,PUT017rad,NEBNext 34,CATGGC,ATCCTGTA
D4,PC_CHN_CS_2020-054,PUT017rad,NEBNext 34,CATGGC,CGAACTTA
E4,PC_CHN_CS_2020-055,PUT017rad,NEBNext 34,CATGGC,GCTAACGA
F4,PC_CHN_CS_2018_108,PUT017rad,NEBNext 34,CATGGC,TGAAGAGA
G4,PC_CHN_CS_2020-057,PUT017rad,NEBNext 34,CATGGC,AGATGTAC
H4,PC_CHN_CS_2018_111,PUT017rad,NEBNext 34,CATGGC,CCTCTATC
A5,PC_CHN_CS_2018_113,PUT017rad,NEBNext 34,CATGGC,AACGTGAT
B5,PC_CHN_CS_2020-060,PUT017rad,NEBNext 34,CATGGC,AAGGTACA
C5,PC_CHN_CS_2020-061,PUT017rad,NEBNext 34,CATGGC,ATTGAGGA
D5,PC_CHN_CS_2018_114,PUT017rad,NEBNext 34,CATGGC,CGACTGGA
E5,PC_CHN_CS_2018_117,PUT017rad,NEBNext 34,CATGGC,GCTCGGTA
F5,PC_CHN_CS_2018_133,PUT017rad,NEBNext 34,CATGGC,TGGAACAA
G5,PC_CHN_CS_2018_161,PUT017rad,NEBNext 34,CATGGC,AGCACCTC
H5,PC_CHN_CS_2020-070,PUT017rad,NEBNext 34,CATGGC,CGACACAC
A6,PC_CHN_CS_2018_1,PUT017rad,NEBNext 34,CATGGC,CGCTGATC
B6,PC_CHN_CS_2018_162,PUT017rad,NEBNext 34,CATGGC,ACACAGAA
C6,PC_CHN_CS_2018_163,PUT017rad,NEBNext 34,CATGGC,CAACCACA
D6,PC_CHN_CS_2018_165,PUT017rad,NEBNext 34,CATGGC,CGCATACA
E6,PC_CHN_CS_2018_166,PUT017rad,NEBNext 34,CATGGC,GGAGAACA
F6,PC_CHN_CS_2018_6,PUT017rad,NEBNext 34,CATGGC,TGGCTTCA
G6,PC_CHN_CS_2018_7,PUT017rad,NEBNext 34,CATGGC,AGCCATGC
H6,PC_CHN_CS_2018_8,PUT017rad,NEBNext 34,CATGGC,CGGATTGC
A7,PC_CHN_CS_2018_10,PUT017rad,NEBNext 34,CATGGC,CAGATCTG
B7,PC_CHN_CS_2018_11,PUT017rad,NEBNext 34,CATGGC,ACAGCAGA
C7,PC_CHN_CS_2018_12,PUT017rad,NEBNext 34,CATGGC,CAAGACTA
D7,PC_CHN_CS_2018_14,PUT017rad,NEBNext 34,CATGGC,CTCAATGA
E7,PC_CHN_CS_2018_171,PUT017rad,NEBNext 34,CATGGC,GGTGCGAA
F7,PC_CHN_CS_2018_16,PUT017rad,NEBNext 34,CATGGC,TGGTGGTA
G7,PC_CHN_CS_2018_18,PUT017rad,NEBNext 34,CATGGC,AGGCTAAC
H7,PC_CHN_CS_2018_19,PUT017rad,NEBNext 34,CATGGC,CTAAGGTC
A8,PC_CHN_CS_2018_20,PUT017rad,NEBNext 34,CATGGC,ATGCCTAA
B8,PC_CHN_CS_2018_21,PUT017rad,NEBNext 34,CATGGC,ACCTCCAA
C8,PC_CHN_CS_2018_173,PUT017rad,NEBNext 34,CATGGC,CAATGGAA
D8,PC_CHN_CS_2018_26,PUT017rad,NEBNext 34,CATGGC,CTGAGCCA
E8,PC_CHN_CS_2017_127B,PUT017rad,NEBNext 34,CATGGC,GTACGCAA
F8,PC_CHN_CS_2017_131A,PUT017rad,NEBNext 34,CATGGC,TTCACGCA
G8,PC_CHN_CS_2017_134A,PUT017rad,NEBNext 34,CATGGC,ATAGCGAC
H8,PC_CHN_CS_2017_139A,PUT017rad,NEBNext 34,CATGGC,GAACAGGC
A9,PC_CHN_CS_2017_140A,PUT017rad,NEBNext 34,CATGGC,AACGAACG
B9,PC_CHN_CS_2018_36,PUT017rad,NEBNext 34,CATGGC,ACGCTCGA
C9,PC_CHN_CS_2018_37,PUT017rad,NEBNext 34,CATGGC,CACTTCGA
D9,PC_CHN_CS_2018_38,PUT017rad,NEBNext 34,CATGGC,CTGGCATA
E9,PC_CHN_CS_2017_130B,PUT017rad,NEBNext 34,CATGGC,GTCGTAGA
F9,PC_CHN_CS_2018_43,PUT017rad,NEBNext 34,CATGGC,ACACGAGA
G9,PC_CHN_CS_2018_44,PUT017rad,NEBNext 34,CATGGC,ACGACAAG
H9,PC_CHN_CS_2018_47,PUT017rad,NEBNext 34,CATGGC,GACAGTGC
A10,PC_CHN_CS_2018_48,PUT017rad,NEBNext 34,CATGGC,AGTACAAG
B10,PC_CHN_CS_2018_50,PUT017rad,NEBNext 34,CATGGC,ACGTATCA
C10,PC_CHN_CS_2018_52,PUT017rad,NEBNext 34,CATGGC,CAGCGTTA
D10,PC_CHN_CS_2018_62,PUT017rad,NEBNext 34,CATGGC,GAATCTGA
E10,PC_CHN_CS_2018_71,PUT017rad,NEBNext 34,CATGGC,GTCTGTCA
F10,PC_CHN_CS_2018_72,PUT017rad,NEBNext 34,CATGGC,AAGAGATC
G10,PC_CHN_CS_2018_74,PUT017rad,NEBNext 34,CATGGC,ATTGGCTC
H10,PC_CHN_CS_2018_77,PUT017rad,NEBNext 34,CATGGC,GAGTTAGC
A11,PC_CHN_CS_2018_78,PUT017rad,NEBNext 34,CATGGC,CATCAAGT
B11,PC_CHN_CS_2018_79,PUT017rad,NEBNext 34,CATGGC,ACTATGCA
C11,PC_CHN_CS_2018_80,PUT017rad,NEBNext 34,CATGGC,CATACCAA
D11,PC_CHN_CS_2018_81,PUT017rad,NEBNext 34,CATGGC,GACTAGTA
E11,PC_CHN_CS_2018_82,PUT017rad,NEBNext 34,CATGGC,GTGTTCTA
F11,PC_CHN_CS_2020-011,PUT017rad,NEBNext 34,CATGGC,AAGGACAC
G11,PC_CHN_CS_2020-012,PUT017rad,NEBNext 34,CATGGC,CAAGGAGC
H11,PC_CHN_CS_2020-017,PUT017rad,NEBNext 34,CATGGC,GATGAATC
A12,PC_CHN_CS_2020-034,PUT017rad,NEBNext 34,CATGGC,AGTGGTCA
B12,PC_CHN_CS_2020-047,PUT017rad,NEBNext 34,CATGGC,AGAGTCAA
C12,PC_CHN_CS_2020-048,PUT017rad,NEBNext 34,CATGGC,CCAGTTCA
D12,PC_CHN_CS_2020-058,PUT017rad,NEBNext 34,CATGGC,GAGCTGAA
E12,PC_CHN_CS_2020-059,PUT017rad,NEBNext 34,CATGGC,TAGGATGA
F12,PC_CHN_CS_2020-062,PUT017rad,NEBNext 34,CATGGC,AATCCGTC
G12,PC_CHN_CS_2021-003,PUT017rad,NEBNext 34,CATGGC,CACCTTAC
H12,PC_CHN_CS_2021-004,PUT017rad,NEBNext 34,CATGGC,GCCAAGAC
A1,PC_CHN_RST_2021_3,PUT018rad,NEBNext 35,CATTTT,ACAAGCTA
B1,PC_CHN_RST_2021_8,PUT018rad,NEBNext 35,CATTTT,AACAACCA
C1,PC_CHN_RST_2021_13,PUT018rad,NEBNext 35,CATTTT,AGATCGCA
D1,PC_CHN_RST_2021_18,PUT018rad,NEBNext 35,CATTTT,CCGAAGTA
E1,PC_CHN_RST_2021_23,PUT018rad,NEBNext 35,CATTTT,GATAGACA
F1,PC_CHN_RST_2021_28,PUT018rad,NEBNext 35,CATTTT,TATCAGCA
G1,PC_CHN_RST_2021_33,PUT018rad,NEBNext 35,CATTTT,AATGTTGC
H1,PC_CHN_RST_2021_38,PUT018rad,NEBNext 35,CATTTT,CCATCCTC
A2,PC_CHN_RST_2021_43,PUT018rad,NEBNext 35,CATTTT,AAACATCG
B2,PC_CHN_RST_2021_48,PUT018rad,NEBNext 35,CATTTT,AACCGAGA
C2,PC_CHN_RST_2021_53,PUT018rad,NEBNext 35,CATTTT,AGCAGGAA
D2,PC_CHN_RST_2021_58,PUT018rad,NEBNext 35,CATTTT,CCGTGAGA
E2,PC_CHN_RST_2021_63,PUT018rad,NEBNext 35,CATTTT,GCCACATA
F2,PC_CHN_RST_2021_80,PUT018rad,NEBNext 35,CATTTT,TCCGTCTA
G2,PC_CHN_RST_2021_85,PUT018rad,NEBNext 35,CATTTT,ACACTGAC
H2,PC_CHN_RST_2021_90,PUT018rad,NEBNext 35,CATTTT,CCGACAAC
A3,PC_CHN_RST_2021_95,PUT018rad,NEBNext 35,CATTTT,ACATTGGC
B3,PC_CHN_RST_2021_100,PUT018rad,NEBNext 35,CATTTT,AACGCTTA
C3,PC_CHN_RST_2021_211,PUT018rad,NEBNext 35,CATTTT,AGTCACTA
D3,PC_CHN_RST_2021_216,PUT018rad,NEBNext 35,CATTTT,CCTCCTGA
E3,PC_CHN_RST_2021_221,PUT018rad,NEBNext 35,CATTTT,GCGAGTAA
F3,PC_CHN_RST_2021_226,PUT018rad,NEBNext 35,CATTTT,TCTTCACA
G3,PC_CHN_RST_2021_231,PUT018rad,NEBNext 35,CATTTT,ACAGATTC
H3,PC_CHN_RST_2021_313,PUT018rad,NEBNext 35,CATTTT,AGTCAAGC
A4,PC_CHN_RST_2021_318,PUT018rad,NEBNext 35,CATTTT,ACCACTGT
B4,PC_CHN_RST_2021_323,PUT018rad,NEBNext 35,CATTTT,AAGACGGA
C4,PC_CHN_RST_2021_328,PUT018rad,NEBNext 35,CATTTT,ATCCTGTA
D4,PC_CHN_RST_2021_394,PUT018rad,NEBNext 35,CATTTT,CGAACTTA
E4,PC_CHN_RST_2021_399,PUT018rad,NEBNext 35,CATTTT,GCTAACGA
F4,PC_CHN_RST_2021_404,PUT018rad,NEBNext 35,CATTTT,TGAAGAGA
G4,PC_CHN_RST_2021_409,PUT018rad,NEBNext 35,CATTTT,AGATGTAC
H4,PC_CHN_RST_2021_414,PUT018rad,NEBNext 35,CATTTT,CCTCTATC
A5,PC_CHN_RST_2021_419,PUT018rad,NEBNext 35,CATTTT,AACGTGAT
B5,PC_CHN_RST_2021_424,PUT018rad,NEBNext 35,CATTTT,AAGGTACA
C5,PC_CHN_RST_2021_429,PUT018rad,NEBNext 35,CATTTT,ATTGAGGA
D5,PC_CHN_RST_2021_434,PUT018rad,NEBNext 35,CATTTT,CGACTGGA
E5,PC_CHN_RST_2021_439,PUT018rad,NEBNext 35,CATTTT,GCTCGGTA
F5,PC_CHN_RST_2021_499,PUT018rad,NEBNext 35,CATTTT,TGGAACAA
G5,PC_CHN_RST_2021_504,PUT018rad,NEBNext 35,CATTTT,AGCACCTC
H5,PC_CHN_RST_2021_509,PUT018rad,NEBNext 35,CATTTT,CGACACAC
A6,PC_CHN_RST_2021_514,PUT018rad,NEBNext 35,CATTTT,CGCTGATC
B6,PC_CHN_RST_2021_519,PUT018rad,NEBNext 35,CATTTT,ACACAGAA
C6,PC_CHN_RST_2021_603,PUT018rad,NEBNext 35,CATTTT,CAACCACA
D6,PC_CHN_RST_2021_608,PUT018rad,NEBNext 35,CATTTT,CGCATACA
E6,PC_CHN_RST_2021_613,PUT018rad,NEBNext 35,CATTTT,GGAGAACA
F6,PC_CHN_RST_2021_618,PUT018rad,NEBNext 35,CATTTT,TGGCTTCA
G6,PC_CHN_RST_2021_693,PUT018rad,NEBNext 35,CATTTT,AGCCATGC
H6,PC_CHN_RST_2021_698,PUT018rad,NEBNext 35,CATTTT,CGGATTGC
A7,PC_CHN_RST_2021_703,PUT018rad,NEBNext 35,CATTTT,CAGATCTG
B7,PC_CHN_RST_2021_708,PUT018rad,NEBNext 35,CATTTT,ACAGCAGA
C7,PC_CHN_RST_2021_713,PUT018rad,NEBNext 35,CATTTT,CAAGACTA
D7,PC_CHN_RST_2021_765,PUT018rad,NEBNext 35,CATTTT,CTCAATGA
E7,PC_CHN_RST_2021_770,PUT018rad,NEBNext 35,CATTTT,GGTGCGAA
F7,PC_CHN_RST_2021_775,PUT018rad,NEBNext 35,CATTTT,TGGTGGTA
G7,PC_CHN_RST_2021_780,PUT018rad,NEBNext 35,CATTTT,AGGCTAAC
H7,PC_CHN_RST_2021_818,PUT018rad,NEBNext 35,CATTTT,CTAAGGTC
A8,PC_CHN_RST_2021_823,PUT018rad,NEBNext 35,CATTTT,ATGCCTAA
B8,PC_CHN_RST_2021_828,PUT018rad,NEBNext 35,CATTTT,ACCTCCAA
C8,PC_CHN_RST_2021_833,PUT018rad,NEBNext 35,CATTTT,CAATGGAA
D8,PC_CHN_RST_2021_838,PUT018rad,NEBNext 35,CATTTT,CTGAGCCA
E8,PC_CHN_RST_2021_843,PUT018rad,NEBNext 35,CATTTT,GTACGCAA
F8,PC_CHN_RST_2021_848,PUT018rad,NEBNext 35,CATTTT,TTCACGCA
G8,PC_CHN_RST_2021_853,PUT018rad,NEBNext 35,CATTTT,ATAGCGAC
H8,PC_CHN_RST_2021_858,PUT018rad,NEBNext 35,CATTTT,GAACAGGC
A9,PC_CHN_RST_2021_936,PUT018rad,NEBNext 35,CATTTT,AACGAACG
B9,PC_CHN_RST_2021_941,PUT018rad,NEBNext 35,CATTTT,ACGCTCGA
C9,PC_CHN_RST_2021_946,PUT018rad,NEBNext 35,CATTTT,CACTTCGA
D9,PC_CHN_RST_2021_951,PUT018rad,NEBNext 35,CATTTT,CTGGCATA
E9,PC_CHN_RST_2021_956,PUT018rad,NEBNext 35,CATTTT,GTCGTAGA
F9,PC_CHN_RST_2021_1033,PUT018rad,NEBNext 35,CATTTT,ACACGAGA
G9,PC_CHN_RST_2021_1038,PUT018rad,NEBNext 35,CATTTT,ACGACAAG
H9,PC_CHN_RST_2021_1043,PUT018rad,NEBNext 35,CATTTT,GACAGTGC
A10,PC_CHN_RST_2021_1048,PUT018rad,NEBNext 35,CATTTT,AGTACAAG
B10,PC_CHN_RST_2021_1151,PUT018rad,NEBNext 35,CATTTT,ACGTATCA
C10,PC_CHN_RST_2021_1156,PUT018rad,NEBNext 35,CATTTT,CAGCGTTA
D10,PC_CHN_RST_2021_1161,PUT018rad,NEBNext 35,CATTTT,GAATCTGA
E10,PC_CHN_RST_2021_1166,PUT018rad,NEBNext 35,CATTTT,GTCTGTCA
F10,PC_CHN_RST_2021_1171,PUT018rad,NEBNext 35,CATTTT,AAGAGATC
G10,PC_CHN_RST_2021_1266,PUT018rad,NEBNext 35,CATTTT,ATTGGCTC
H10,PC_CHN_RST_2021_1271,PUT018rad,NEBNext 35,CATTTT,GAGTTAGC
A11,PC_CHN_RST_2021_1276,PUT018rad,NEBNext 35,CATTTT,CATCAAGT
B11,PC_CHN_RST_2021_1281,PUT018rad,NEBNext 35,CATTTT,ACTATGCA
C11,PC_CHN_RST_2021_1286,PUT018rad,NEBNext 35,CATTTT,CATACCAA
D11,PC_CHN_RST_2021_1376,PUT018rad,NEBNext 35,CATTTT,GACTAGTA
E11,PC_CHN_RST_2021_1381,PUT018rad,NEBNext 35,CATTTT,GTGTTCTA
F11,PC_CHN_RST_2021_1386,PUT018rad,NEBNext 35,CATTTT,AAGGACAC
G11,PC_CHN_RST_2021_1391,PUT018rad,NEBNext 35,CATTTT,CAAGGAGC
H11,PC_CHN_RST_2021_1396,PUT018rad,NEBNext 35,CATTTT,GATGAATC
A12,PC_CHN_RST_2021_1444,PUT018rad,NEBNext 35,CATTTT,AGTGGTCA
B12,PC_CHN_RST_2021_1449,PUT018rad,NEBNext 35,CATTTT,AGAGTCAA
C12,PC_CHN_RST_2021_1454,PUT018rad,NEBNext 35,CATTTT,CCAGTTCA
D12,PC_CHN_RST_2021_1459,PUT018rad,NEBNext 35,CATTTT,GAGCTGAA
E12,PC_CHN_RST_2021_1510,PUT018rad,NEBNext 35,CATTTT,TAGGATGA
F12,PC_CHN_RST_2021_1515,PUT018rad,NEBNext 35,CATTTT,AATCCGTC
G12,PC_CHN_RST_2021_1520,PUT018rad,NEBNext 35,CATTTT,CACCTTAC
H12,PC_CHN_RST_2021_1525,PUT018rad,NEBNext 35,CATTTT,GCCAAGAC
A1,PC_CHN_RST_2018_404,PUT019rad,NEBNext 36,CCAACA,ACAAGCTA
B1,PC_CHN_RST_2018_413,PUT019rad,NEBNext 36,CCAACA,AACAACCA
C1,PC_CHN_RST_2018_416,PUT019rad,NEBNext 36,CCAACA,AGATCGCA
D1,PC_CHN_RST_2018_422,PUT019rad,NEBNext 36,CCAACA,CCGAAGTA
E1,PC_CHN_RST_2018_1326,PUT019rad,NEBNext 36,CCAACA,GATAGACA
F1,PC_CHN_RST_2018_440,PUT019rad,NEBNext 36,CCAACA,TATCAGCA
G1,PC_CHN_RST_2018_1344,PUT019rad,NEBNext 36,CCAACA,AATGTTGC
H1,PC_CHN_RST_2018_1353,PUT019rad,NEBNext 36,CCAACA,CCATCCTC
A2,PC_CHN_RST_2018_1363,PUT019rad,NEBNext 36,CCAACA,AAACATCG
B2,PC_CHN_RST_2018_476,PUT019rad,NEBNext 36,CCAACA,AACCGAGA
C2,PC_CHN_RST_2018_485,PUT019rad,NEBNext 36,CCAACA,AGCAGGAA
D2,PC_CHN_RST_2018_494,PUT019rad,NEBNext 36,CCAACA,CCGTGAGA
E2,PC_CHN_RST_2018_503,PUT019rad,NEBNext 36,CCAACA,GCCACATA
F2,PC_CHN_RST_2018_512,PUT019rad,NEBNext 36,CCAACA,TCCGTCTA
G2,PC_CHN_RST_2018_1372,PUT019rad,NEBNext 36,CCAACA,ACACTGAC
H2,PC_CHN_RST_2018_1399,PUT019rad,NEBNext 36,CCAACA,CCGACAAC
A3,PC_CHN_RST_2018_539,PUT019rad,NEBNext 36,CCAACA,ACATTGGC
B3,PC_CHN_RST_2018_548,PUT019rad,NEBNext 36,CCAACA,AACGCTTA
C3,PC_CHN_RST_2018_1417,PUT019rad,NEBNext 36,CCAACA,AGTCACTA
D3,PC_CHN_RST_2018_566,PUT019rad,NEBNext 36,CCAACA,CCTCCTGA
E3,PC_CHN_RST_2018_1435,PUT019rad,NEBNext 36,CCAACA,GCGAGTAA
F3,PC_CHN_RST_2018_1498,PUT019rad,NEBNext 36,CCAACA,TCTTCACA
G3,PC_CHN_RST_2018_1526,PUT019rad,NEBNext 36,CCAACA,ACAGATTC
H3,PC_CHN_RST_2018_602,PUT019rad,NEBNext 36,CCAACA,AGTCAAGC
A4,PC_CHN_RST_2018_1554,PUT019rad,NEBNext 36,CCAACA,ACCACTGT
B4,PC_CHN_RST_2018_1572,PUT019rad,NEBNext 36,CCAACA,AAGACGGA
C4,PC_CHN_RST_2018_1644,PUT019rad,NEBNext 36,CCAACA,ATCCTGTA
D4,PC_CHN_RST_2018_1662,PUT019rad,NEBNext 36,CCAACA,CGAACTTA
E4,PC_CHN_RST_2018_674,PUT019rad,NEBNext 36,CCAACA,GCTAACGA
F4,PC_CHN_RST_2018_683,PUT019rad,NEBNext 36,CCAACA,TGAAGAGA
G4,PC_CHN_RST_2018_692,PUT019rad,NEBNext 36,CCAACA,AGATGTAC
H4,PC_CHN_RST_2018_701,PUT019rad,NEBNext 36,CCAACA,CCTCTATC
A5,PC_CHN_RST_2018_710,PUT019rad,NEBNext 36,CCAACA,AACGTGAT
B5,PC_CHN_RST_2018_719,PUT019rad,NEBNext 36,CCAACA,AAGGTACA
C5,PC_CHN_RST_2018_1689,PUT019rad,NEBNext 36,CCAACA,ATTGAGGA
D5,PC_CHN_RST_2018_1806,PUT019rad,NEBNext 36,CCAACA,CGACTGGA
E5,PC_CHN_RST_2018_746,PUT019rad,NEBNext 36,CCAACA,GCTCGGTA
F5,PC_CHN_RST_2018_755,PUT019rad,NEBNext 36,CCAACA,TGGAACAA
G5,PC_CHN_RST_2018_764,PUT019rad,NEBNext 36,CCAACA,AGCACCTC
H5,PC_CHN_RST_2018_773,PUT019rad,NEBNext 36,CCAACA,CGACACAC
A6,PC_CHN_RST_2018_782,PUT019rad,NEBNext 36,CCAACA,CGCTGATC
B6,PC_CHN_RST_2018_791,PUT019rad,NEBNext 36,CCAACA,ACACAGAA
C6,PC_CHN_RST_2018_800,PUT019rad,NEBNext 36,CCAACA,CAACCACA
D6,PC_CHN_RST_2018_809,PUT019rad,NEBNext 36,CCAACA,CGCATACA
E6,PC_CHN_RST_2018_818,PUT019rad,NEBNext 36,CCAACA,GGAGAACA
F6,PC_CHN_RST_2018_1815,PUT019rad,NEBNext 36,CCAACA,TGGCTTCA
G6,PC_CHN_RST_2018_1861,PUT019rad,NEBNext 36,CCAACA,AGCCATGC
H6,PC_CHN_RST_2018_845,PUT019rad,NEBNext 36,CCAACA,CGGATTGC
A7,PC_CHN_RST_2018_854,PUT019rad,NEBNext 36,CCAACA,CAGATCTG
B7,PC_CHN_RST_2018_1888,PUT019rad,NEBNext 36,CCAACA,ACAGCAGA
C7,PC_CHN_RST_2018_1906,PUT019rad,NEBNext 36,CCAACA,CAAGACTA
D7,PC_CHN_RST_2018_1915,PUT019rad,NEBNext 36,CCAACA,CTCAATGA
E7,PC_CHN_RST_2018_1924,PUT019rad,NEBNext 36,CCAACA,GGTGCGAA
F7,PC_CHN_RST_2018_1933,PUT019rad,NEBNext 36,CCAACA,TGGTGGTA
G7,PC_CHN_RST_2018_1942,PUT019rad,NEBNext 36,CCAACA,AGGCTAAC
H7,PC_CHN_RST_2018_917,PUT019rad,NEBNext 36,CCAACA,CTAAGGTC
A8,PC_CHN_RST_2018_926,PUT019rad,NEBNext 36,CCAACA,ATGCCTAA
B8,PC_CHN_RST_2018_935,PUT019rad,NEBNext 36,CCAACA,ACCTCCAA
C8,PC_CHN_RST_2018_1978,PUT019rad,NEBNext 36,CCAACA,CAATGGAA
D8,PC_CHN_RST_2018_1987,PUT019rad,NEBNext 36,CCAACA,CTGAGCCA
E8,PC_CHN_RST_2018_1996,PUT019rad,NEBNext 36,CCAACA,GTACGCAA
F8,PC_CHN_RST_2018_2005,PUT019rad,NEBNext 36,CCAACA,TTCACGCA
G8,PC_CHN_RST_2018_2020,PUT019rad,NEBNext 36,CCAACA,ATAGCGAC
H8,PC_CHN_RST_2018_2023,PUT019rad,NEBNext 36,CCAACA,GAACAGGC
A9,PC_CHN_RST_2018_998,PUT019rad,NEBNext 36,CCAACA,AACGAACG
B9,PC_CHN_RST_2018_2033,PUT019rad,NEBNext 36,CCAACA,ACGCTCGA
C9,PC_CHN_RST_2018_2042,PUT019rad,NEBNext 36,CCAACA,CACTTCGA
D9,PC_CHN_RST_2018_2051,PUT019rad,NEBNext 36,CCAACA,CTGGCATA
E9,PC_CHN_RST_2018_1034,PUT019rad,NEBNext 36,CCAACA,GTCGTAGA
F9,PC_CHN_RST_2018_2060,PUT019rad,NEBNext 36,CCAACA,ACACGAGA
G9,PC_CHN_RST_2018_2096,PUT019rad,NEBNext 36,CCAACA,ACGACAAG
H9,PC_CHN_RST_2018_1061,PUT019rad,NEBNext 36,CCAACA,GACAGTGC
A10,PC_CHN_RST_2018_1073,PUT019rad,NEBNext 36,CCAACA,AGTACAAG
B10,PC_CHN_RST_2018_2105,PUT019rad,NEBNext 36,CCAACA,ACGTATCA
C10,PC_CHN_RST_2018_2114,PUT019rad,NEBNext 36,CCAACA,CAGCGTTA
D10,PC_CHN_RST_2018_2123,PUT019rad,NEBNext 36,CCAACA,GAATCTGA
E10,PC_CHN_RST_2018_1127,PUT019rad,NEBNext 36,CCAACA,GTCTGTCA
F10,PC_CHN_RST_2018_1145,PUT019rad,NEBNext 36,CCAACA,AAGAGATC
G10,PC_CHN_RST_2018_1191,PUT019rad,NEBNext 36,CCAACA,ATTGGCTC
H10,PC_CHN_RST_2018_1209,PUT019rad,NEBNext 36,CCAACA,GAGTTAGC
A11,PC_CHN_RST_2018_1245,PUT019rad,NEBNext 36,CCAACA,CATCAAGT
B11,PC_CHN_RST_2018_1263,PUT019rad,NEBNext 36,CCAACA,ACTATGCA
C11,PC_CHN_RST_2018_1272,PUT019rad,NEBNext 36,CCAACA,CATACCAA
D11,PC_CHN_CS_2021-011,PUT019rad,NEBNext 36,CCAACA,GACTAGTA
E11,PC_CHN_CS_2021-012,PUT019rad,NEBNext 36,CCAACA,GTGTTCTA
F11,PC_CHN_CS_2021-017,PUT019rad,NEBNext 36,CCAACA,AAGGACAC
G11,PC_CHN_CS_2021-018,PUT019rad,NEBNext 36,CCAACA,CAAGGAGC
H11,PC_CHN_CS_2021-022,PUT019rad,NEBNext 36,CCAACA,GATGAATC
A12,PC_CHN_CS_2021-026,PUT019rad,NEBNext 36,CCAACA,AGTGGTCA
B12,PC_CHN_CS_2021-027,PUT019rad,NEBNext 36,CCAACA,AGAGTCAA
C12,PC_CHN_CS_2021-042,PUT019rad,NEBNext 36,CCAACA,CCAGTTCA
D12,PC_CHN_CS_2021-047,PUT019rad,NEBNext 36,CCAACA,GAGCTGAA
E12,PC_CHN_CS_2021-050,PUT019rad,NEBNext 36,CCAACA,TAGGATGA
F12,PC_CHN_CS_2021-053,PUT019rad,NEBNext 36,CCAACA,AATCCGTC
G12,PC_CHN_CS_2021-055,PUT019rad,NEBNext 36,CCAACA,CACCTTAC
H12,PC_CHN_CS_2021-056,PUT019rad,NEBNext 36,CCAACA,GCCAAGAC
A1,PC_CHN_CS_2021-001,PUT020rad,NEBNext 5,ACAGTG,ACAAGCTA
B1,PC_CHN_CS_2021-002,PUT020rad,NEBNext 5,ACAGTG,AACAACCA
C1,PC_CHN_CS_2017_127D,PUT020rad,NEBNext 5,ACAGTG,AGATCGCA
D1,PC_CHN_CS_2017_136B,PUT020rad,NEBNext 5,ACAGTG,CCGAAGTA
E1,PC_CHN_CS_2021-005,PUT020rad,NEBNext 5,ACAGTG,GATAGACA
F1,PC_CHN_CS_2021-006,PUT020rad,NEBNext 5,ACAGTG,TATCAGCA
G1,PC_CHN_CS_2021-007,PUT020rad,NEBNext 5,ACAGTG,AATGTTGC
H1,PC_CHN_CS_2021-008,PUT020rad,NEBNext 5,ACAGTG,CCATCCTC
A2,PC_CHN_CS_2021-009,PUT020rad,NEBNext 5,ACAGTG,AAACATCG
B2,PC_CHN_CS_2017_137B,PUT020rad,NEBNext 5,ACAGTG,AACCGAGA
C2,PC_CHN_CS_2017_139B,PUT020rad,NEBNext 5,ACAGTG,AGCAGGAA
D2,PC_CHN_CS_2017_158A,PUT020rad,NEBNext 5,ACAGTG,CCGTGAGA
E2,PC_CHN_CS_2021-013,PUT020rad,NEBNext 5,ACAGTG,GCCACATA
F2,PC_CHN_CS_2017_162A,PUT020rad,NEBNext 5,ACAGTG,TCCGTCTA
G2,PC_CHN_CS_2021-015,PUT020rad,NEBNext 5,ACAGTG,ACACTGAC
H2,PC_CHN_CS_2017_167A,PUT020rad,NEBNext 5,ACAGTG,CCGACAAC
A3,PC_CHN_CS_2017_173A,PUT020rad,NEBNext 5,ACAGTG,ACATTGGC
B3,PC_CHN_CS_2017_128C,PUT020rad,NEBNext 5,ACAGTG,AACGCTTA
C3,PC_CHN_CS_2017_130C,PUT020rad,NEBNext 5,ACAGTG,AGTCACTA
D3,PC_CHN_CS_2017_135C,PUT020rad,NEBNext 5,ACAGTG,CCTCCTGA
E3,PC_CHN_CS_2017_137C,PUT020rad,NEBNext 5,ACAGTG,GCGAGTAA
F3,PC_CHN_CS_2017_138C,PUT020rad,NEBNext 5,ACAGTG,TCTTCACA
G3,PC_CHN_CS_2017_197A,PUT020rad,NEBNext 5,ACAGTG,ACAGATTC
H3,PC_CHN_CS_2017_130D,PUT020rad,NEBNext 5,ACAGTG,AGTCAAGC
A4,PC_CHN_CS_2017_132D,PUT020rad,NEBNext 5,ACAGTG,ACCACTGT
B4,PC_CHN_CS_2017_144C,PUT020rad,NEBNext 5,ACAGTG,AAGACGGA
C4,PC_CHN_CS_2017_151B,PUT020rad,NEBNext 5,ACAGTG,ATCCTGTA
D4,PC_CHN_CS_2017_152B,PUT020rad,NEBNext 5,ACAGTG,CGAACTTA
E4,PC_CHN_CS_2021-029,PUT020rad,NEBNext 5,ACAGTG,GCTAACGA
F4,PC_CHN_CS_2017_228A,PUT020rad,NEBNext 5,ACAGTG,TGAAGAGA
G4,PC_CHN_CS_2017_230A,PUT020rad,NEBNext 5,ACAGTG,AGATGTAC
H4,PC_CHN_CS_2017_233A,PUT020rad,NEBNext 5,ACAGTG,CCTCTATC
A5,PC_CHN_CS_2021-033,PUT020rad,NEBNext 5,ACAGTG,AACGTGAT
B5,PC_CHN_CS_2021-034,PUT020rad,NEBNext 5,ACAGTG,AAGGTACA
C5,PC_CHN_CS_2017_235A,PUT020rad,NEBNext 5,ACAGTG,ATTGAGGA
D5,PC_CHN_CS_2017_149C,PUT020rad,NEBNext 5,ACAGTG,CGACTGGA
E5,PC_CHN_CS_2021-038,PUT020rad,NEBNext 5,ACAGTG,GCTCGGTA
F5,PC_CHN_CS_2021-039,PUT020rad,NEBNext 5,ACAGTG,TGGAACAA
G5,PC_CHN_CS_2021-040,PUT020rad,NEBNext 5,ACAGTG,AGCACCTC
H5,PC_CHN_CS_2021-041,PUT020rad,NEBNext 5,ACAGTG,CGACACAC
A6,PC_CHN_CS_2017_156C,PUT020rad,NEBNext 5,ACAGTG,CGCTGATC
B6,PC_CHN_CS_2017_247A,PUT020rad,NEBNext 5,ACAGTG,ACACAGAA
C6,PC_CHN_CS_2017_250A,PUT020rad,NEBNext 5,ACAGTG,CAACCACA
D6,PC_CHN_CS_2017_149B,PUT020rad,NEBNext 5,ACAGTG,CGCATACA
E6,PC_CHN_CS_2021-046,PUT020rad,NEBNext 5,ACAGTG,GGAGAACA
F6,PC_CHN_CS_2017_208A,PUT020rad,NEBNext 5,ACAGTG,TGGCTTCA
G6,PC_CHN_CS_2021-048,PUT020rad,NEBNext 5,ACAGTG,AGCCATGC
H6,PC_CHN_CS_2021-049,PUT020rad,NEBNext 5,ACAGTG,CGGATTGC
A7,PC_CHN_CS_2017_211A,PUT020rad,NEBNext 5,ACAGTG,CAGATCTG
B7,PC_CHN_CS_2017_212A,PUT020rad,NEBNext 5,ACAGTG,ACAGCAGA
C7,PC_CHN_CS_2017_214A,PUT020rad,NEBNext 5,ACAGTG,CAAGACTA
D7,PC_CHN_CS_2017_216A,PUT020rad,NEBNext 5,ACAGTG,CTCAATGA
E7,PC_CHN_CS_2017_218A,PUT020rad,NEBNext 5,ACAGTG,GGTGCGAA
F7,PC_CHN_CS_2017_219A,PUT020rad,NEBNext 5,ACAGTG,TGGTGGTA
G7,PC_CHN_CS_2017_222A,PUT020rad,NEBNext 5,ACAGTG,AGGCTAAC
H7,PC_CHN_CS_2016_001,PUT020rad,NEBNext 5,ACAGTG,CTAAGGTC
A8,PC_CHN_CS_2016_005,PUT020rad,NEBNext 5,ACAGTG,ATGCCTAA
B8,PC_CHN_CS_2021-062,PUT020rad,NEBNext 5,ACAGTG,ACCTCCAA
C8,PC_CHN_CS_2021-065,PUT020rad,NEBNext 5,ACAGTG,CAATGGAA
D8,PC_CHN_CS_2021-068,PUT020rad,NEBNext 5,ACAGTG,CTGAGCCA
E8,PC_CHN_CS_2021-073,PUT020rad,NEBNext 5,ACAGTG,GTACGCAA
F8,PC_CHN_CS_2021-074,PUT020rad,NEBNext 5,ACAGTG,TTCACGCA
G8,PC_CHN_CS_2021-076,PUT020rad,NEBNext 5,ACAGTG,ATAGCGAC
H8,PC_CHN_CS_2021-078,PUT020rad,NEBNext 5,ACAGTG,GAACAGGC
A9,PC_CHN_CS_2020-001,PUT020rad,NEBNext 5,ACAGTG,AACGAACG
B9,PC_CHN_CS_2020-004,PUT020rad,NEBNext 5,ACAGTG,ACGCTCGA
C9,PC_CHN_CS_2020-007,PUT020rad,NEBNext 5,ACAGTG,CACTTCGA
D9,PC_CHN_CS_2020-008,PUT020rad,NEBNext 5,ACAGTG,CTGGCATA
E9,PC_CHN_CS_2020-010,PUT020rad,NEBNext 5,ACAGTG,GTCGTAGA
F9,PC_CHN_CS_2020-014,PUT020rad,NEBNext 5,ACAGTG,ACACGAGA
G9,PC_CHN_CS_2020-015,PUT020rad,NEBNext 5,ACAGTG,ACGACAAG
H9,PC_CHN_CS_2020-019,PUT020rad,NEBNext 5,ACAGTG,GACAGTGC
A10,PC_CHN_CS_2021-057,PUT020rad,NEBNext 5,ACAGTG,AGTACAAG
B10,PC_CHN_CS_2021-060,PUT020rad,NEBNext 5,ACAGTG,ACGTATCA
C10,PC_CHN_CS_2021-063,PUT020rad,NEBNext 5,ACAGTG,CAGCGTTA
D10,PC_CHN_CS_2021-064,PUT020rad,NEBNext 5,ACAGTG,GAATCTGA
E10,PC_CHN_CS_2021-066,PUT020rad,NEBNext 5,ACAGTG,GTCTGTCA
F10,PC_CHN_CS_2021-067,PUT020rad,NEBNext 5,ACAGTG,AAGAGATC
G10,PC_CHN_CS_2021-070,PUT020rad,NEBNext 5,ACAGTG,ATTGGCTC
H10,PC_CHN_CS_2021-071,PUT020rad,NEBNext 5,ACAGTG,GAGTTAGC
A11,PC_CHN_CS_2021-072,PUT020rad,NEBNext 5,ACAGTG,CATCAAGT
B11,PC_CHN_CS_2021-077,PUT020rad,NEBNext 5,ACAGTG,ACTATGCA
C11,PC_CHN_CS_2021-079,PUT020rad,NEBNext 5,ACAGTG,CATACCAA
D11,PC_CHN_CS_2021-080,PUT020rad,NEBNext 5,ACAGTG,GACTAGTA
E11,PC_CHN_CS_2021-081,PUT020rad,NEBNext 5,ACAGTG,GTGTTCTA
F11,PC_CHN_CS_2017_129A,PUT020rad,NEBNext 5,ACAGTG,AAGGACAC
G11,PC_CHN_CS_2017_130A,PUT020rad,NEBNext 5,ACAGTG,CAAGGAGC
H11,PC_CHN_CS_2017_142A,PUT020rad,NEBNext 5,ACAGTG,GATGAATC
A12,PC_CHN_CS_2017_143A,PUT020rad,NEBNext 5,ACAGTG,AGTGGTCA
B12,PC_CHN_CS_2017_131B,PUT020rad,NEBNext 5,ACAGTG,AGAGTCAA
C12,PC_CHN_CS_2017_132B,PUT020rad,NEBNext 5,ACAGTG,CCAGTTCA
D12,PC_CHN_CS_2017_133B,PUT020rad,NEBNext 5,ACAGTG,GAGCTGAA
E12,PC_CHN_CS_2017_135B,PUT020rad,NEBNext 5,ACAGTG,TAGGATGA
F12,PC_CHN_CS_2017_138B,PUT020rad,NEBNext 5,ACAGTG,AATCCGTC
G12,PC_CHN_CS_2017_150A,PUT020rad,NEBNext 5,ACAGTG,CACCTTAC
H12,PC_CHN_CS_2017_153A,PUT020rad,NEBNext 5,ACAGTG,GCCAAGAC
A1,PC_CHN_RST_2021_1530,PUT021rad,NEBNext 6,GCCAAT,ACAAGCTA
B1,PC_CHN_RST_2021_1612,PUT021rad,NEBNext 6,GCCAAT,AACAACCA
C1,PC_CHN_RST_2021_1617,PUT021rad,NEBNext 6,GCCAAT,AGATCGCA
D1,PC_CHN_RST_2021_1622,PUT021rad,NEBNext 6,GCCAAT,CCGAAGTA
E1,PC_CHN_RST_2021_1627,PUT021rad,NEBNext 6,GCCAAT,GATAGACA
F1,PC_CHN_RST_2021_1632,PUT021rad,NEBNext 6,GCCAAT,TATCAGCA
G1,PC_CHN_RST_2021_1721,PUT021rad,NEBNext 6,GCCAAT,AATGTTGC
H1,PC_CHN_RST_2021_1726,PUT021rad,NEBNext 6,GCCAAT,CCATCCTC
A2,PC_CHN_RST_2021_1731,PUT021rad,NEBNext 6,GCCAAT,AAACATCG
B2,PC_CHN_RST_2021_1736,PUT021rad,NEBNext 6,GCCAAT,AACCGAGA
C2,PC_CHN_RST_2021_1823,PUT021rad,NEBNext 6,GCCAAT,AGCAGGAA
D2,PC_CHN_RST_2021_1828,PUT021rad,NEBNext 6,GCCAAT,CCGTGAGA
E2,PC_CHN_RST_2021_1833,PUT021rad,NEBNext 6,GCCAAT,GCCACATA
F2,PC_CHN_RST_2021_1838,PUT021rad,NEBNext 6,GCCAAT,TCCGTCTA
G2,PC_CHN_RST_2021_1843,PUT021rad,NEBNext 6,GCCAAT,ACACTGAC
H2,PC_CHN_RST_2021_1956,PUT021rad,NEBNext 6,GCCAAT,CCGACAAC
A3,PC_CHN_RST_2021_1961,PUT021rad,NEBNext 6,GCCAAT,ACATTGGC
B3,PC_CHN_RST_2021_1966,PUT021rad,NEBNext 6,GCCAAT,AACGCTTA
C3,PC_CHN_RST_2021_1971,PUT021rad,NEBNext 6,GCCAAT,AGTCACTA
D3,PC_CHN_RST_2021_2024,PUT021rad,NEBNext 6,GCCAAT,CCTCCTGA
E3,PC_CHN_RST_2021_2029,PUT021rad,NEBNext 6,GCCAAT,GCGAGTAA
F3,PC_CHN_RST_2021_2034,PUT021rad,NEBNext 6,GCCAAT,TCTTCACA
G3,PC_CHN_RST_2021_2039,PUT021rad,NEBNext 6,GCCAAT,ACAGATTC
H3,PC_CHN_RST_2021_2044,PUT021rad,NEBNext 6,GCCAAT,AGTCAAGC
A4,PC_CHN_RST_2021_2170,PUT021rad,NEBNext 6,GCCAAT,ACCACTGT
B4,PC_CHN_RST_2021_2175,PUT021rad,NEBNext 6,GCCAAT,AAGACGGA
C4,PC_CHN_RST_2021_2180,PUT021rad,NEBNext 6,GCCAAT,ATCCTGTA
D4,PC_CHN_RST_2021_2185,PUT021rad,NEBNext 6,GCCAAT,CGAACTTA
E4,PC_CHN_RST_2021_2190,PUT021rad,NEBNext 6,GCCAAT,GCTAACGA
F4,PC_CHN_RST_2021_2277,PUT021rad,NEBNext 6,GCCAAT,TGAAGAGA
G4,PC_CHN_RST_2021_2282,PUT021rad,NEBNext 6,GCCAAT,AGATGTAC
H4,PC_CHN_RST_2021_2287,PUT021rad,NEBNext 6,GCCAAT,CCTCTATC
A5,PC_CHN_RST_2021_2293,PUT021rad,NEBNext 6,GCCAAT,AACGTGAT
B5,PC_CHN_RST_2021_2340,PUT021rad,NEBNext 6,GCCAAT,AAGGTACA
C5,PC_CHN_RST_2021_2345,PUT021rad,NEBNext 6,GCCAAT,ATTGAGGA
D5,PC_CHN_RST_2021_2350,PUT021rad,NEBNext 6,GCCAAT,CGACTGGA
E5,PC_CHN_RST_2021_2355,PUT021rad,NEBNext 6,GCCAAT,GCTCGGTA
F5,PC_CHN_RST_2021_2360,PUT021rad,NEBNext 6,GCCAAT,TGGAACAA
G5,PC_CHN_RST_2021_2442,PUT021rad,NEBNext 6,GCCAAT,AGCACCTC
H5,PC_CHN_RST_2021_2447,PUT021rad,NEBNext 6,GCCAAT,CGACACAC
A6,PC_CHN_RST_2021_2452,PUT021rad,NEBNext 6,GCCAAT,CGCTGATC
B6,PC_CHN_RST_2021_2457,PUT021rad,NEBNext 6,GCCAAT,ACACAGAA
C6,PC_CHN_RST_2021_2462,PUT021rad,NEBNext 6,GCCAAT,CAACCACA
D6,PC_CHN_RST_2021_2543,PUT021rad,NEBNext 6,GCCAAT,CGCATACA
E6,PC_CHN_RST_2021_2548,PUT021rad,NEBNext 6,GCCAAT,GGAGAACA
F6,PC_CHN_RST_2021_2553,PUT021rad,NEBNext 6,GCCAAT,TGGCTTCA
G6,PC_CHN_RST_2021_2558,PUT021rad,NEBNext 6,GCCAAT,AGCCATGC
H6,PC_CHN_RST_2021_2574,PUT021rad,NEBNext 6,GCCAAT,CGGATTGC
A7,PC_CHN_RST_2021_2579,PUT021rad,NEBNext 6,GCCAAT,CAGATCTG
B7,PC_CHN_RST_2021_2585,PUT021rad,NEBNext 6,GCCAAT,ACAGCAGA
C7,PC_CHN_RST_2021_2591,PUT021rad,NEBNext 6,GCCAAT,CAAGACTA
D7,PC_CHN_RST_2021_2596,PUT021rad,NEBNext 6,GCCAAT,CTCAATGA
E7,PC_CHN_RST_2021_2636,PUT021rad,NEBNext 6,GCCAAT,GGTGCGAA
F7,PC_CHN_RST_2021_2641,PUT021rad,NEBNext 6,GCCAAT,TGGTGGTA
G7,PC_CHN_RST_2021_2646,PUT021rad,NEBNext 6,GCCAAT,AGGCTAAC
H7,PC_CHN_RST_2021_2651,PUT021rad,NEBNext 6,GCCAAT,CTAAGGTC
A8,PC_CHN_RST_2021_2656,PUT021rad,NEBNext 6,GCCAAT,ATGCCTAA
B8,PC_CHN_RST_2021_2704,PUT021rad,NEBNext 6,GCCAAT,ACCTCCAA
C8,PC_CHN_RST_2021_2709,PUT021rad,NEBNext 6,GCCAAT,CAATGGAA
D8,PC_CHN_RST_2021_2714,PUT021rad,NEBNext 6,GCCAAT,CTGAGCCA
E8,PC_CHN_RST_2021_2719,PUT021rad,NEBNext 6,GCCAAT,GTACGCAA
F8,PC_CHN_RST_2021_2724,PUT021rad,NEBNext 6,GCCAAT,TTCACGCA
G8,PC_CHN_RST_2021_2729,PUT021rad,NEBNext 6,GCCAAT,ATAGCGAC
H8,PC_CHN_RST_2021_2767,PUT021rad,NEBNext 6,GCCAAT,GAACAGGC
A9,PC_CHN_RST_2021_2772,PUT021rad,NEBNext 6,GCCAAT,AACGAACG
B9,PC_CHN_RST_2021_2777,PUT021rad,NEBNext 6,GCCAAT,ACGCTCGA
C9,PC_CHN_RST_2021_2782,PUT021rad,NEBNext 6,GCCAAT,CACTTCGA
D9,PC_CHN_RST_2021_2787,PUT021rad,NEBNext 6,GCCAAT,CTGGCATA
E9,PC_CHN_RST_2021_2868,PUT021rad,NEBNext 6,GCCAAT,GTCGTAGA
F9,PC_CHN_RST_2021_2873,PUT021rad,NEBNext 6,GCCAAT,ACACGAGA
G9,PC_CHN_RST_2021_2878,PUT021rad,NEBNext 6,GCCAAT,ACGACAAG
H9,PC_CHN_RST_2021_2883,PUT021rad,NEBNext 6,GCCAAT,GACAGTGC
A10,PC_CHN_RST_2021_2888,PUT021rad,NEBNext 6,GCCAAT,AGTACAAG
B10,PC_CHN_RST_2021_2969,PUT021rad,NEBNext 6,GCCAAT,ACGTATCA
C10,PC_CHN_RST_2021_2974,PUT021rad,NEBNext 6,GCCAAT,CAGCGTTA
D10,PC_CHN_RST_2021_2979,PUT021rad,NEBNext 6,GCCAAT,GAATCTGA
E10,PC_CHN_RST_2021_2984,PUT021rad,NEBNext 6,GCCAAT,GTCTGTCA
F10,PC_CHN_RST_2021_3073,PUT021rad,NEBNext 6,GCCAAT,AAGAGATC
G10,PC_CHN_RST_2021_3078,PUT021rad,NEBNext 6,GCCAAT,ATTGGCTC
H10,PC_CHN_RST_2021_3083,PUT021rad,NEBNext 6,GCCAAT,GAGTTAGC
A11,PC_CHN_RST_2021_3088,PUT021rad,NEBNext 6,GCCAAT,CATCAAGT
B11,PC_CHN_RST_2021_3093,PUT021rad,NEBNext 6,GCCAAT,ACTATGCA
C11,PC_CHN_RST_2021_4020,PUT021rad,NEBNext 6,GCCAAT,CATACCAA
D11,PC_CHN_RST_2021_4025,PUT021rad,NEBNext 6,GCCAAT,GACTAGTA
E11,PC_CHN_RST_2021_4030,PUT021rad,NEBNext 6,GCCAAT,GTGTTCTA
F11,PC_CHN_RST_2021_4035,PUT021rad,NEBNext 6,GCCAAT,AAGGACAC
G11,PC_CHN_RST_2021_4040,PUT021rad,NEBNext 6,GCCAAT,CAAGGAGC
H11,PC_CHN_RST_2021_4121,PUT021rad,NEBNext 6,GCCAAT,GATGAATC
A12,PC_CHN_RST_2021_4126,PUT021rad,NEBNext 6,GCCAAT,AGTGGTCA
B12,PC_CHN_RST_2021_4131,PUT021rad,NEBNext 6,GCCAAT,AGAGTCAA
C12,PC_CHN_RST_2021_4136,PUT021rad,NEBNext 6,GCCAAT,CCAGTTCA
D12,PC_CHN_RST_2021_4172,PUT021rad,NEBNext 6,GCCAAT,GAGCTGAA
E12,PC_CHN_RST_2021_4177,PUT021rad,NEBNext 6,GCCAAT,TAGGATGA
F12,PC_CHN_RST_2021_4182,PUT021rad,NEBNext 6,GCCAAT,AATCCGTC
G12,PC_CHN_RST_2021_4187,PUT021rad,NEBNext 6,GCCAAT,CACCTTAC
H12,PC_CHN_RST_2021_4192,PUT021rad,NEBNext 6,GCCAAT,GCCAAGAC
A1,PC_CHN_RST_2021_4273,PUT022rad,NEBNext 42,TAATCG,ACAAGCTA
B1,PC_CHN_RST_2021_4278,PUT022rad,NEBNext 42,TAATCG,AACAACCA
C1,PC_CHN_RST_2021_4283,PUT022rad,NEBNext 42,TAATCG,AGATCGCA
D1,PC_CHN_RST_2021_4288,PUT022rad,NEBNext 42,TAATCG,CCGAAGTA
E1,PC_CHN_RST_2021_4293,PUT022rad,NEBNext 42,TAATCG,GATAGACA
F1,PC_CHN_RST_2021_4298,PUT022rad,NEBNext 42,TAATCG,TATCAGCA
G1,PC_CHN_RST_2021_4303,PUT022rad,NEBNext 42,TAATCG,AATGTTGC
H1,PC_CHN_RST_2021_4308,PUT022rad,NEBNext 42,TAATCG,CCATCCTC
A2,PC_CHN_RST_2021_4313,PUT022rad,NEBNext 42,TAATCG,AAACATCG
B2,PC_CHN_RST_2021_4318,PUT022rad,NEBNext 42,TAATCG,AACCGAGA
C2,PC_CHN_RST_2021_4323,PUT022rad,NEBNext 42,TAATCG,AGCAGGAA
D2,PC_CHN_RST_2021_4328,PUT022rad,NEBNext 42,TAATCG,CCGTGAGA
E2,PC_CHN_RST_2021_4333,PUT022rad,NEBNext 42,TAATCG,GCCACATA
F2,PC_CHN_RST_2021_4338,PUT022rad,NEBNext 42,TAATCG,TCCGTCTA
G2,PC_CHN_RST_2021_4343,PUT022rad,NEBNext 42,TAATCG,ACACTGAC
H2,PC_CHN_RST_2021_4348,PUT022rad,NEBNext 42,TAATCG,CCGACAAC
A3,PC_CHN_RST_2021_4353,PUT022rad,NEBNext 42,TAATCG,ACATTGGC
B3,PC_CHN_RST_2021_4358,PUT022rad,NEBNext 42,TAATCG,AACGCTTA
C3,PC_CHN_RST_2021_4363,PUT022rad,NEBNext 42,TAATCG,AGTCACTA
D3,PC_CHN_RST_2021_4377,PUT022rad,NEBNext 42,TAATCG,CCTCCTGA
E3,PC_CHN_RST_2021_4382,PUT022rad,NEBNext 42,TAATCG,GCGAGTAA
F3,PC_CHN_RST_2021_4387,PUT022rad,NEBNext 42,TAATCG,TCTTCACA
G3,PC_CHN_RST_2021_4392,PUT022rad,NEBNext 42,TAATCG,ACAGATTC
H3,PC_CHN_RST_2021_4397,PUT022rad,NEBNext 42,TAATCG,AGTCAAGC
A4,PC_CHN_RST_2021_4405,PUT022rad,NEBNext 42,TAATCG,ACCACTGT
B4,PC_CHN_RST_2021_4410,PUT022rad,NEBNext 42,TAATCG,AAGACGGA
C4,PC_CHN_RST_2021_4415,PUT022rad,NEBNext 42,TAATCG,ATCCTGTA
D4,PC_CHN_RST_2021_4420,PUT022rad,NEBNext 42,TAATCG,CGAACTTA
E4,PC_CHN_RST_2021_4425,PUT022rad,NEBNext 42,TAATCG,GCTAACGA
F4,PC_CHN_RST_2021_4430,PUT022rad,NEBNext 42,TAATCG,TGAAGAGA
G4,PC_CHN_RST_2021_4435,PUT022rad,NEBNext 42,TAATCG,AGATGTAC
H4,PC_CHN_RST_2021_4440,PUT022rad,NEBNext 42,TAATCG,CCTCTATC
A5,PC_CHN_RST_2021_4445,PUT022rad,NEBNext 42,TAATCG,AACGTGAT
B5,PC_CHN_RST_2021_4450,PUT022rad,NEBNext 42,TAATCG,AAGGTACA
C5,PC_CHN_RST_2021_4455,PUT022rad,NEBNext 42,TAATCG,ATTGAGGA
D5,PC_CHN_RST_2021_4463,PUT022rad,NEBNext 42,TAATCG,CGACTGGA
E5,PC_CHN_RST_2021_4468,PUT022rad,NEBNext 42,TAATCG,GCTCGGTA
F5,PC_CHN_RST_2021_4473,PUT022rad,NEBNext 42,TAATCG,TGGAACAA
G5,PC_CHN_RST_2021_4478,PUT022rad,NEBNext 42,TAATCG,AGCACCTC
H5,PC_CHN_RST_2021_4488,PUT022rad,NEBNext 42,TAATCG,CGACACAC
A6,PC_CHN_RST_2021_4493,PUT022rad,NEBNext 42,TAATCG,CGCTGATC
B6,PC_CHN_RST_2021_4498,PUT022rad,NEBNext 42,TAATCG,ACACAGAA
C6,PC_CHN_RST_2021_4503,PUT022rad,NEBNext 42,TAATCG,CAACCACA
D6,PC_CHN_RST_2021_4508,PUT022rad,NEBNext 42,TAATCG,CGCATACA
E6,PC_CHN_RST_2021_4513,PUT022rad,NEBNext 42,TAATCG,GGAGAACA
F6,PC_CHN_RST_2021_4518,PUT022rad,NEBNext 42,TAATCG,TGGCTTCA
G6,PC_CHN_RST_2021_4523,PUT022rad,NEBNext 42,TAATCG,AGCCATGC
H6,PC_CHN_RST_2021_4528,PUT022rad,NEBNext 42,TAATCG,CGGATTGC
A7,PC_CHN_RST_2021_4538,PUT022rad,NEBNext 42,TAATCG,CAGATCTG
B7,PC_CHN_RST_2021_4543,PUT022rad,NEBNext 42,TAATCG,ACAGCAGA
C7,PC_CHN_RST_2021_4548,PUT022rad,NEBNext 42,TAATCG,CAAGACTA
D7,PC_CHN_RST_2021_4553,PUT022rad,NEBNext 42,TAATCG,CTCAATGA
E7,PC_CHN_RST_2021_4558,PUT022rad,NEBNext 42,TAATCG,GGTGCGAA
F7,PC_CHN_RST_2021_4572,PUT022rad,NEBNext 42,TAATCG,TGGTGGTA
G7,PC_CHN_RST_2021_4577,PUT022rad,NEBNext 42,TAATCG,AGGCTAAC
H7,PC_CHN_RST_2021_4582,PUT022rad,NEBNext 42,TAATCG,CTAAGGTC
A8,PC_CHN_RST_2021_4587,PUT022rad,NEBNext 42,TAATCG,ATGCCTAA
B8,PC_CHN_RST_2021_4597,PUT022rad,NEBNext 42,TAATCG,ACCTCCAA
C8,PC_CHN_RST_2021_4602,PUT022rad,NEBNext 42,TAATCG,CAATGGAA
D8,PC_CHN_RST_2021_4607,PUT022rad,NEBNext 42,TAATCG,CTGAGCCA
E8,PC_CHN_RST_2021_4612,PUT022rad,NEBNext 42,TAATCG,GTACGCAA
F8,PC_CHN_RST_2021_4617,PUT022rad,NEBNext 42,TAATCG,TTCACGCA
G8,PC_CHN_RST_2021_4622,PUT022rad,NEBNext 42,TAATCG,ATAGCGAC
H8,PC_CHN_RST_2021_4639,PUT022rad,NEBNext 42,TAATCG,GAACAGGC
A9,PC_CHN_RST_2021_4644,PUT022rad,NEBNext 42,TAATCG,AACGAACG
B9,PC_CHN_RST_2021_4649,PUT022rad,NEBNext 42,TAATCG,ACGCTCGA
C9,PC_CHN_RST_2021_4651,PUT022rad,NEBNext 42,TAATCG,CACTTCGA
D9,PC_CHN_RST_2021_4654,PUT022rad,NEBNext 42,TAATCG,CTGGCATA
E9,PC_CHN_RST_2021_4656,PUT022rad,NEBNext 42,TAATCG,GTCGTAGA
F9,PC_CHN_RST_2021_4659,PUT022rad,NEBNext 42,TAATCG,ACACGAGA
G9,PC_CHN_RST_2018_184,PUT022rad,NEBNext 42,TAATCG,ACGACAAG
H9,PC_CHN_RST_2018_240,PUT022rad,NEBNext 42,TAATCG,GACAGTGC
A10,PC_CHN_RST_2018_294,PUT022rad,NEBNext 42,TAATCG,AGTACAAG
B10,PC_CHN_RST_2018_331,PUT022rad,NEBNext 42,TAATCG,ACGTATCA
C10,PC_CHN_RST_2018_340,PUT022rad,NEBNext 42,TAATCG,CAGCGTTA
D10,PC_CHN_RST_2018_395,PUT022rad,NEBNext 42,TAATCG,GAATCTGA
E10,PC_CHN_RST_2018_2204,PUT022rad,NEBNext 42,TAATCG,GTCTGTCA
F10,PC_CHN_RST_2018_2213,PUT022rad,NEBNext 42,TAATCG,AAGAGATC
G10,PC_CHN_RST_2018_2222,PUT022rad,NEBNext 42,TAATCG,ATTGGCTC
H10,PC_CHN_RST_2018_2231,PUT022rad,NEBNext 42,TAATCG,GAGTTAGC
A11,PC_CHN_RST_2018_2267,PUT022rad,NEBNext 42,TAATCG,CATCAAGT
B11,PC_CHN_RST_2018_2330,PUT022rad,NEBNext 42,TAATCG,ACTATGCA
C11,PC_CHN_RST_2018_2339,PUT022rad,NEBNext 42,TAATCG,CATACCAA
D11,PC_CHN_RST_2018_2348,PUT022rad,NEBNext 42,TAATCG,GACTAGTA
E11,PC_CHN_RST_2018_2391,PUT022rad,NEBNext 42,TAATCG,GTGTTCTA
F11,PC_CHN_RST_2018_2446,PUT022rad,NEBNext 42,TAATCG,AAGGACAC
G11,PC_CHN_RST_2018_2496,PUT022rad,NEBNext 42,TAATCG,CAAGGAGC
H11,PC_CHN_RST_2018_2498,PUT022rad,NEBNext 42,TAATCG,GATGAATC
A12,PC_CHN_RST_2018_2500,PUT022rad,NEBNext 42,TAATCG,AGTGGTCA
B12,PC_CHN_RST_2018_2504,PUT022rad,NEBNext 42,TAATCG,AGAGTCAA
C12,PC_CHN_CS_2021-032,PUT022rad,NEBNext 42,TAATCG,CCAGTTCA
A1,PC_CHN_CS_2018_2,PUT014rad,NEBNext 28,CAAAAG,ACAAGCTA
B1,PC_CHN_CS_2018_3,PUT014rad,NEBNext 28,CAAAAG,AACAACCA
C1,PC_CHN_CS_2018_4,PUT014rad,NEBNext 28,CAAAAG,AGATCGCA
D1,PC_CHN_CS_2018_5,PUT014rad,NEBNext 28,CAAAAG,CCGAAGTA
E1,PC_CHN_CS_2017_154A,PUT014rad,NEBNext 28,CAAAAG,GATAGACA
F1,PC_CHN_CS_2018_27,PUT014rad,NEBNext 28,CAAAAG,TATCAGCA
G1,PC_CHN_CS_2018_32,PUT014rad,NEBNext 28,CAAAAG,AATGTTGC
H1,PC_CHN_CS_2018_33,PUT014rad,NEBNext 28,CAAAAG,CCATCCTC
A2,PC_CHN_CS_2018_34,PUT014rad,NEBNext 28,CAAAAG,AAACATCG
B2,PC_CHN_CS_2018_35,PUT014rad,NEBNext 28,CAAAAG,AACCGAGA
C2,PC_CHN_CS_2018_42,PUT014rad,NEBNext 28,CAAAAG,AGCAGGAA
D2,PC_CHN_CS_2018_46,PUT014rad,NEBNext 28,CAAAAG,CCGTGAGA
E2,PC_CHN_CS_2018_51,PUT014rad,NEBNext 28,CAAAAG,GCCACATA
F2,PC_CHN_CS_2018_53,PUT014rad,NEBNext 28,CAAAAG,TCCGTCTA
G2,PC_CHN_CS_2018_58,PUT014rad,NEBNext 28,CAAAAG,ACACTGAC
H2,PC_CHN_CS_2018_61,PUT014rad,NEBNext 28,CAAAAG,CCGACAAC
A3,PC_CHN_CS_2017_157A,PUT014rad,NEBNext 28,CAAAAG,ACATTGGC
B3,PC_CHN_CS_2018_63,PUT014rad,NEBNext 28,CAAAAG,AACGCTTA
C3,PC_CHN_CS_2018_64,PUT014rad,NEBNext 28,CAAAAG,AGTCACTA
D3,PC_CHN_CS_2018_69,PUT014rad,NEBNext 28,CAAAAG,CCTCCTGA
E3,PC_CHN_CS_2018_70,PUT014rad,NEBNext 28,CAAAAG,GCGAGTAA
F3,PC_CHN_CS_2018_73,PUT014rad,NEBNext 28,CAAAAG,TCTTCACA
G3,PC_CHN_CS_2018_75,PUT014rad,NEBNext 28,CAAAAG,ACAGATTC
H3,PC_CHN_CS_2017_163A,PUT014rad,NEBNext 28,CAAAAG,AGTCAAGC
A4,PC_CHN_CS_2018_84,PUT014rad,NEBNext 28,CAAAAG,ACCACTGT
B4,PC_CHN_CS_2018_85,PUT014rad,NEBNext 28,CAAAAG,AAGACGGA
C4,PC_CHN_CS_2018_86,PUT014rad,NEBNext 28,CAAAAG,ATCCTGTA
D4,PC_CHN_CS_2018_88,PUT014rad,NEBNext 28,CAAAAG,CGAACTTA
E4,PC_CHN_CS_2018_93,PUT014rad,NEBNext 28,CAAAAG,GCTAACGA
F4,PC_CHN_CS_2018_96,PUT014rad,NEBNext 28,CAAAAG,TGAAGAGA
G4,PC_CHN_CS_2018_100,PUT014rad,NEBNext 28,CAAAAG,AGATGTAC
H4,PC_CHN_CS_2018_102,PUT014rad,NEBNext 28,CAAAAG,CCTCTATC
A5,PC_CHN_CS_2018_103,PUT014rad,NEBNext 28,CAAAAG,AACGTGAT
B5,PC_CHN_CS_2018_104,PUT014rad,NEBNext 28,CAAAAG,AAGGTACA
C5,PC_CHN_CS_2018_105,PUT014rad,NEBNext 28,CAAAAG,ATTGAGGA
D5,PC_CHN_CS_2018_107,PUT014rad,NEBNext 28,CAAAAG,CGACTGGA
E5,PC_CHN_CS_2018_109,PUT014rad,NEBNext 28,CAAAAG,GCTCGGTA
F5,PC_CHN_CS_2018_110,PUT014rad,NEBNext 28,CAAAAG,TGGAACAA
G5,PC_CHN_CS_2018_112,PUT014rad,NEBNext 28,CAAAAG,AGCACCTC
H5,PC_CHN_CS_2018_115,PUT014rad,NEBNext 28,CAAAAG,CGACACAC
A6,PC_CHN_CS_2018_116,PUT014rad,NEBNext 28,CAAAAG,CGCTGATC
B6,PC_CHN_CS_2018_120,PUT014rad,NEBNext 28,CAAAAG,ACACAGAA
C6,PC_CHN_CS_2018_121,PUT014rad,NEBNext 28,CAAAAG,CAACCACA
D6,PC_CHN_CS_2018_122,PUT014rad,NEBNext 28,CAAAAG,CGCATACA
E6,PC_CHN_CS_2018_123,PUT014rad,NEBNext 28,CAAAAG,GGAGAACA
F6,PC_CHN_CS_2018_124,PUT014rad,NEBNext 28,CAAAAG,TGGCTTCA
G6,PC_CHN_CS_2017_164A,PUT014rad,NEBNext 28,CAAAAG,AGCCATGC
H6,PC_CHN_CS_2018_126,PUT014rad,NEBNext 28,CAAAAG,CGGATTGC
A7,PC_CHN_CS_2017_168A,PUT014rad,NEBNext 28,CAAAAG,CAGATCTG
B7,PC_CHN_CS_2018_128,PUT014rad,NEBNext 28,CAAAAG,ACAGCAGA
C7,PC_CHN_CS_2017_169A,PUT014rad,NEBNext 28,CAAAAG,CAAGACTA
D7,PC_CHN_CS_2018_130,PUT014rad,NEBNext 28,CAAAAG,CTCAATGA
E7,PC_CHN_CS_2017_170A,PUT014rad,NEBNext 28,CAAAAG,GGTGCGAA
F7,PC_CHN_CS_2018_134,PUT014rad,NEBNext 28,CAAAAG,TGGTGGTA
G7,PC_CHN_CS_2017_172A,PUT014rad,NEBNext 28,CAAAAG,AGGCTAAC
H7,PC_CHN_CS_2018_136,PUT014rad,NEBNext 28,CAAAAG,CTAAGGTC
A8,PC_CHN_CS_2018_143,PUT014rad,NEBNext 28,CAAAAG,ATGCCTAA
B8,PC_CHN_CS_2018_145,PUT014rad,NEBNext 28,CAAAAG,ACCTCCAA
C8,PC_CHN_CS_2018_146,PUT014rad,NEBNext 28,CAAAAG,CAATGGAA
D8,PC_CHN_CS_2018_147,PUT014rad,NEBNext 28,CAAAAG,CTGAGCCA
E8,PC_CHN_CS_2018_148,PUT014rad,NEBNext 28,CAAAAG,GTACGCAA
F8,PC_CHN_CS_2018_149,PUT014rad,NEBNext 28,CAAAAG,TTCACGCA
G8,PC_CHN_CS_2018_150,PUT014rad,NEBNext 28,CAAAAG,ATAGCGAC
H8,PC_CHN_CS_2018_151,PUT014rad,NEBNext 28,CAAAAG,GAACAGGC
A9,PC_CHN_CS_2018_153,PUT014rad,NEBNext 28,CAAAAG,AACGAACG
B9,PC_CHN_CS_2018_156,PUT014rad,NEBNext 28,CAAAAG,ACGCTCGA
C9,PC_CHN_CS_2017_129C,PUT014rad,NEBNext 28,CAAAAG,CACTTCGA
D9,PC_CHN_CS_2018_160,PUT014rad,NEBNext 28,CAAAAG,CTGGCATA
E9,PC_CHN_CS_2018_164,PUT014rad,NEBNext 28,CAAAAG,GTCGTAGA
F9,PC_CHN_CS_2018_169,PUT014rad,NEBNext 28,CAAAAG,ACACGAGA
G9,PC_CHN_CS_2018_170,PUT014rad,NEBNext 28,CAAAAG,ACGACAAG
H9,PC_CHN_CS_2018_172,PUT014rad,NEBNext 28,CAAAAG,GACAGTGC
A10,PC_CHN_CS_2017_131C,PUT014rad,NEBNext 28,CAAAAG,AGTACAAG
B10,PC_CHN_CS_2018_176,PUT014rad,NEBNext 28,CAAAAG,ACGTATCA
C10,PC_CHN_CS_2018_177,PUT014rad,NEBNext 28,CAAAAG,CAGCGTTA
D10,PC_CHN_CS_2018_178,PUT014rad,NEBNext 28,CAAAAG,GAATCTGA
E10,PC_CHN_CS_2017_140B,PUT014rad,NEBNext 28,CAAAAG,GTCTGTCA
F10,PC_CHN_CS_2018_181,PUT014rad,NEBNext 28,CAAAAG,AAGAGATC
G10,PC_CHN_CS_2018_182,PUT014rad,NEBNext 28,CAAAAG,ATTGGCTC
H10,PC_CHN_CS_2018_184,PUT014rad,NEBNext 28,CAAAAG,GAGTTAGC
A11,PC_CHN_CS_2018_185,PUT014rad,NEBNext 28,CAAAAG,CATCAAGT
B11,PC_CHN_CS_2018_188,PUT014rad,NEBNext 28,CAAAAG,ACTATGCA
C11,PC_CHN_CS_2018_189,PUT014rad,NEBNext 28,CAAAAG,CATACCAA
D11,PC_CHN_CS_2018_190,PUT014rad,NEBNext 28,CAAAAG,GACTAGTA
E11,PC_CHN_CS_2018_197,PUT014rad,NEBNext 28,CAAAAG,GTGTTCTA
F11,PC_CHN_CS_2018_201,PUT014rad,NEBNext 28,CAAAAG,AAGGACAC
G11,PC_CHN_CS_2018_25,PUT014rad,NEBNext 28,CAAAAG,CAAGGAGC
H11,PC_CHN_CS_2018_167,PUT014rad,NEBNext 28,CAAAAG,GATGAATC
A12,PC_CHN_CS_2016_002,PUT014rad,NEBNext 28,CAAAAG,AGTGGTCA
B12,PC_CHN_CS_2016_003,PUT014rad,NEBNext 28,CAAAAG,AGAGTCAA
C12,PC_CHN_CS_2016_004,PUT014rad,NEBNext 28,CAAAAG,CCAGTTCA
D12,PC_CHN_CS_2017_142B,PUT014rad,NEBNext 28,CAAAAG,GAGCTGAA
E12,PC_CHN_CS_2016_008,PUT014rad,NEBNext 28,CAAAAG,TAGGATGA
F12,PC_CHN_CS_2017_128D,PUT014rad,NEBNext 28,CAAAAG,AATCCGTC
G12,PC_CHN_CS_2017_133C,PUT014rad,NEBNext 28,CAAAAG,CACCTTAC
H12,PC_CHN_CS_2017_136C,PUT014rad,NEBNext 28,CAAAAG,GCCAAGAC
A1,PC_CHN_RST_2018_167,PUT015rad,NEBNext 29,CAACTA,ACAAGCTA
B1,PC_CHN_CS_2017_139C,PUT015rad,NEBNext 29,CAACTA,AACAACCA
C1,PC_CHN_RST_2018_194,PUT015rad,NEBNext 29,CAACTA,AGATCGCA
D1,PC_CHN_RST_2018_213,PUT015rad,NEBNext 29,CAACTA,CCGAAGTA
E1,PC_CHN_RST_2018_223,PUT015rad,NEBNext 29,CAACTA,GATAGACA
F1,PC_CHN_CS_2017_177A,PUT015rad,NEBNext 29,CAACTA,TATCAGCA
G1,PC_CHN_RST_2018_250,PUT015rad,NEBNext 29,CAACTA,AATGTTGC
H1,PC_CHN_RST_2018_259,PUT015rad,NEBNext 29,CAACTA,CCATCCTC
A2,PC_CHN_CS_2017_186A,PUT015rad,NEBNext 29,CAACTA,AAACATCG
B2,PC_CHN_CS_2017_192A,PUT015rad,NEBNext 29,CAACTA,AACCGAGA
C2,PC_CHN_RST_2018_286,PUT015rad,NEBNext 29,CAACTA,AGCAGGAA
D2,PC_CHN_RST_2018_304,PUT015rad,NEBNext 29,CAACTA,CCGTGAGA
E2,PC_CHN_CS_2017_193A,PUT015rad,NEBNext 29,CAACTA,GCCACATA
F2,PC_CHN_RST_2018_323,PUT015rad,NEBNext 29,CAACTA,TCCGTCTA
G2,PC_CHN_RST_2018_326,PUT015rad,NEBNext 29,CAACTA,ACACTGAC
H2,PC_CHN_RST_2018_350,PUT015rad,NEBNext 29,CAACTA,CCGACAAC
A3,PC_CHN_RST_2018_359,PUT015rad,NEBNext 29,CAACTA,ACATTGGC
B3,PC_CHN_RST_2018_368,PUT015rad,NEBNext 29,CAACTA,AACGCTTA
C3,PC_CHN_CS_2017_194A,PUT015rad,NEBNext 29,CAACTA,AGTCACTA
D3,PC_CHN_CS_2017_129D,PUT015rad,NEBNext 29,CAACTA,CCTCCTGA
E3,PC_CHN_RST_2018_414,PUT015rad,NEBNext 29,CAACTA,GCGAGTAA
F3,PC_CHN_CS_2017_131D,PUT015rad,NEBNext 29,CAACTA,TCTTCACA
G3,PC_CHN_RST_2018_423,PUT015rad,NEBNext 29,CAACTA,ACAGATTC
H3,PC_CHN_RST_2018_432,PUT015rad,NEBNext 29,CAACTA,AGTCAAGC
A4,PC_CHN_RST_2018_441,PUT015rad,NEBNext 29,CAACTA,ACCACTGT
B4,PC_CHN_RST_2018_450,PUT015rad,NEBNext 29,CAACTA,AAGACGGA
C4,PC_CHN_RST_2018_459,PUT015rad,NEBNext 29,CAACTA,ATCCTGTA
D4,PC_CHN_RST_2018_464,PUT015rad,NEBNext 29,CAACTA,CGAACTTA
E4,PC_CHN_RST_2018_522,PUT015rad,NEBNext 29,CAACTA,GCTAACGA
F4,PC_CHN_RST_2018_531,PUT015rad,NEBNext 29,CAACTA,TGAAGAGA
G4,PC_CHN_RST_2018_558,PUT015rad,NEBNext 29,CAACTA,AGATGTAC
H4,PC_CHN_RST_2018_576,PUT015rad,NEBNext 29,CAACTA,CCTCTATC
A5,PC_CHN_RST_2018_585,PUT015rad,NEBNext 29,CAACTA,AACGTGAT
B5,PC_CHN_CS_2017_140C,PUT015rad,NEBNext 29,CAACTA,AAGGTACA
C5,PC_CHN_RST_2018_612,PUT015rad,NEBNext 29,CAACTA,ATTGAGGA
D5,PC_CHN_RST_2018_648,PUT015rad,NEBNext 29,CAACTA,CGACTGGA
E5,PC_CHN_RST_2018_657,PUT015rad,NEBNext 29,CAACTA,GCTCGGTA
F5,PC_CHN_RST_2018_666,PUT015rad,NEBNext 29,CAACTA,TGGAACAA
G5,PC_CHN_CS_2017_142C,PUT015rad,NEBNext 29,CAACTA,AGCACCTC
H5,PC_CHN_RST_2018_729,PUT015rad,NEBNext 29,CAACTA,CGACACAC
A6,PC_CHN_RST_2018_738,PUT015rad,NEBNext 29,CAACTA,CGCTGATC
B6,PC_CHN_RST_2018_801,PUT015rad,NEBNext 29,CAACTA,ACACAGAA
C6,PC_CHN_RST_2018_828,PUT015rad,NEBNext 29,CAACTA,CAACCACA
D6,PC_CHN_RST_2018_837,PUT015rad,NEBNext 29,CAACTA,CGCATACA
E6,PC_CHN_RST_2018_864,PUT015rad,NEBNext 29,CAACTA,GGAGAACA
F6,PC_CHN_RST_2018_873,PUT015rad,NEBNext 29,CAACTA,TGGCTTCA
G6,PC_CHN_RST_2018_882,PUT015rad,NEBNext 29,CAACTA,AGCCATGC
H6,PC_CHN_RST_2018_891,PUT015rad,NEBNext 29,CAACTA,CGGATTGC
A7,PC_CHN_CS_2017_143C,PUT015rad,NEBNext 29,CAACTA,CAGATCTG
B7,PC_CHN_RST_2018_909,PUT015rad,NEBNext 29,CAACTA,ACAGCAGA
C7,PC_CHN_CS_2017_150B,PUT015rad,NEBNext 29,CAACTA,CAAGACTA
D7,PC_CHN_CS_2017_153B,PUT015rad,NEBNext 29,CAACTA,CTCAATGA
E7,PC_CHN_CS_2017_234A,PUT015rad,NEBNext 29,CAACTA,GGTGCGAA
F7,PC_CHN_RST_2018_972,PUT015rad,NEBNext 29,CAACTA,TGGTGGTA
G7,PC_CHN_RST_2018_981,PUT015rad,NEBNext 29,CAACTA,AGGCTAAC
H7,PC_CHN_RST_2018_990,PUT015rad,NEBNext 29,CAACTA,CTAAGGTC
A8,PC_CHN_RST_2018_1008,PUT015rad,NEBNext 29,CAACTA,ATGCCTAA
B8,PC_CHN_RST_2018_1017,PUT015rad,NEBNext 29,CAACTA,ACCTCCAA
C8,PC_CHN_RST_2018_1026,PUT015rad,NEBNext 29,CAACTA,CAATGGAA
D8,PC_CHN_CS_2017_237A,PUT015rad,NEBNext 29,CAACTA,CTGAGCCA
E8,PC_CHN_RST_2018_1053,PUT015rad,NEBNext 29,CAACTA,GTACGCAA
F8,PC_CHN_CS_2017_239A,PUT015rad,NEBNext 29,CAACTA,TTCACGCA
G8,PC_CHN_RST_2018_1092,PUT015rad,NEBNext 29,CAACTA,ATAGCGAC
H8,PC_CHN_CS_2017_240A,PUT015rad,NEBNext 29,CAACTA,GAACAGGC
A9,PC_CHN_RST_2018_1110,PUT015rad,NEBNext 29,CAACTA,AACGAACG
B9,PC_CHN_RST_2018_1119,PUT015rad,NEBNext 29,CAACTA,ACGCTCGA
C9,PC_CHN_RST_2018_1137,PUT015rad,NEBNext 29,CAACTA,CACTTCGA
D9,PC_CHN_CS_2017_241A,PUT015rad,NEBNext 29,CAACTA,CTGGCATA
E9,PC_CHN_CS_2017_150C,PUT015rad,NEBNext 29,CAACTA,GTCGTAGA
F9,PC_CHN_CS_2017_151C,PUT015rad,NEBNext 29,CAACTA,ACACGAGA
G9,PC_CHN_RST_2018_1174,PUT015rad,NEBNext 29,CAACTA,ACGACAAG
H9,PC_CHN_CS_2017_152C,PUT015rad,NEBNext 29,CAACTA,GACAGTGC
A10,PC_CHN_RST_2018_1201,PUT015rad,NEBNext 29,CAACTA,AGTACAAG
B10,PC_CHN_CS_2017_158C,PUT015rad,NEBNext 29,CAACTA,ACGTATCA
C10,PC_CHN_RST_2018_1228,PUT015rad,NEBNext 29,CAACTA,CAGCGTTA
D10,PC_CHN_RST_2018_1237,PUT015rad,NEBNext 29,CAACTA,GAATCTGA
E10,PC_CHN_CS_2017_156B,PUT015rad,NEBNext 29,CAACTA,GTCTGTCA
F10,PC_CHN_RST_2018_1282,PUT015rad,NEBNext 29,CAACTA,AAGAGATC
G10,PC_CHN_RST_2018_1291,PUT015rad,NEBNext 29,CAACTA,ATTGGCTC
H10,PC_CHN_RST_2018_1300,PUT015rad,NEBNext 29,CAACTA,GAGTTAGC
A11,PC_CHN_RST_2018_1309,PUT015rad,NEBNext 29,CAACTA,CATCAAGT
B11,PC_CHN_RST_2018_1318,PUT015rad,NEBNext 29,CAACTA,ACTATGCA
C11,PC_CHN_RST_2018_1336,PUT015rad,NEBNext 29,CAACTA,CATACCAA
D11,PC_CHN_RST_2018_1382,PUT015rad,NEBNext 29,CAACTA,GACTAGTA
E11,PC_CHN_CS_2017_157B,PUT015rad,NEBNext 29,CAACTA,GTGTTCTA
F11,PC_CHN_RST_2018_1404,PUT015rad,NEBNext 29,CAACTA,AAGGACAC
G11,PC_CHN_RST_2018_1427,PUT015rad,NEBNext 29,CAACTA,CAAGGAGC
H11,PC_CHN_RST_2018_1445,PUT015rad,NEBNext 29,CAACTA,GATGAATC
A12,PC_CHN_RST_2018_1454,PUT015rad,NEBNext 29,CAACTA,AGTGGTCA
B12,PC_CHN_RST_2018_1463,PUT015rad,NEBNext 29,CAACTA,AGAGTCAA
C12,PC_CHN_RST_2018_1472,PUT015rad,NEBNext 29,CAACTA,CCAGTTCA
D12,PC_CHN_CS_2017_204A,PUT015rad,NEBNext 29,CAACTA,GAGCTGAA
E12,PC_CHN_RST_2018_1490,PUT015rad,NEBNext 29,CAACTA,TAGGATGA
F12,PC_CHN_RST_2018_1508,PUT015rad,NEBNext 29,CAACTA,AATCCGTC
G12,PC_CHN_CS_2017_205A,PUT015rad,NEBNext 29,CAACTA,CACCTTAC
H12,PC_CHN_RST_2018_1537,PUT015rad,NEBNext 29,CAACTA,GCCAAGAC
A1,PC_CHN_RST_2018_1546,PUT016rad,NEBNext 33,CAGGCG,ACAAGCTA
B1,PC_CHN_RST_2018_1564,PUT016rad,NEBNext 33,CAGGCG,AACAACCA
C1,PC_CHN_RST_2018_1582,PUT016rad,NEBNext 33,CAGGCG,AGATCGCA
D1,PC_CHN_RST_2018_1591,PUT016rad,NEBNext 33,CAGGCG,CCGAAGTA
E1,PC_CHN_RST_2018_1600,PUT016rad,NEBNext 33,CAGGCG,GATAGACA
F1,PC_CHN_CS_2017_206A,PUT016rad,NEBNext 33,CAGGCG,TATCAGCA
G1,PC_CHN_RST_2018_1619,PUT016rad,NEBNext 33,CAGGCG,AATGTTGC
H1,PC_CHN_RST_2018_1627,PUT016rad,NEBNext 33,CAGGCG,CCATCCTC
A2,PC_CHN_RST_2018_1636,PUT016rad,NEBNext 33,CAGGCG,AAACATCG
B2,PC_CHN_CS_2017_207A,PUT016rad,NEBNext 33,CAGGCG,AACCGAGA
C2,PC_CHN_RST_2018_1654,PUT016rad,NEBNext 33,CAGGCG,AGCAGGAA
D2,PC_CHN_RST_2018_1672,PUT016rad,NEBNext 33,CAGGCG,CCGTGAGA
E2,PC_CHN_RST_2018_1681,PUT016rad,NEBNext 33,CAGGCG,GCCACATA
F2,PC_CHN_RST_2018_1699,PUT016rad,NEBNext 33,CAGGCG,TCCGTCTA
G2,PC_CHN_CS_2017_209A,PUT016rad,NEBNext 33,CAGGCG,ACACTGAC
H2,PC_CHN_CS_2017_210A,PUT016rad,NEBNext 33,CAGGCG,CCGACAAC
A3,PC_CHN_CS_2017_213A,PUT016rad,NEBNext 33,CAGGCG,ACATTGGC
B3,PC_CHN_RST_2018_1735,PUT016rad,NEBNext 33,CAGGCG,AACGCTTA
C3,PC_CHN_RST_2018_1744,PUT016rad,NEBNext 33,CAGGCG,AGTCACTA
D3,PC_CHN_CS_2017_217A,PUT016rad,NEBNext 33,CAGGCG,CCTCCTGA
E3,PC_CHN_RST_2018_1762,PUT016rad,NEBNext 33,CAGGCG,GCGAGTAA
F3,PC_CHN_RST_2018_1771,PUT016rad,NEBNext 33,CAGGCG,TCTTCACA
G3,PC_CHN_RST_2018_1780,PUT016rad,NEBNext 33,CAGGCG,ACAGATTC
H3,PC_CHN_RST_2018_1789,PUT016rad,NEBNext 33,CAGGCG,AGTCAAGC
A4,PC_CHN_CS_2017_223A,PUT016rad,NEBNext 33,CAGGCG,ACCACTGT
B4,PC_CHN_CS_2017_224A,PUT016rad,NEBNext 33,CAGGCG,AAGACGGA
C4,PC_CHN_RST_2018_1834,PUT016rad,NEBNext 33,CAGGCG,ATCCTGTA
D4,PC_CHN_RST_2018_1952,PUT016rad,NEBNext 33,CAGGCG,CGAACTTA
E4,PC_CHN_RST_2018_1853,PUT016rad,NEBNext 33,CAGGCG,GCTAACGA
F4,PC_CHN_RST_2018_1871,PUT016rad,NEBNext 33,CAGGCG,TGAAGAGA
G4,PC_CHN_RST_2018_1880,PUT016rad,NEBNext 33,CAGGCG,AGATGTAC
H4,PC_CHN_RST_2018_1898,PUT016rad,NEBNext 33,CAGGCG,CCTCTATC
A5,PC_CHN_RST_2018_1970,PUT016rad,NEBNext 33,CAGGCG,AACGTGAT
B5,PC_CHN_RST_2018_2079,PUT016rad,NEBNext 33,CAGGCG,AAGGTACA
C5,PC_CHN_RST_2018_2133,PUT016rad,NEBNext 33,CAGGCG,ATTGAGGA
D5,PC_CHN_RST_2018_2151,PUT016rad,NEBNext 33,CAGGCG,CGACTGGA
E5,PC_CHN_RST_2018_2169,PUT016rad,NEBNext 33,CAGGCG,GCTCGGTA
F5,PC_CHN_RST_2018_2178,PUT016rad,NEBNext 33,CAGGCG,TGGAACAA
G5,PC_CHN_RST_2018_2187,PUT016rad,NEBNext 33,CAGGCG,AGCACCTC
H5,PC_CHN_RST_2018_2196,PUT016rad,NEBNext 33,CAGGCG,CGACACAC
A6,PC_CHN_RST_2018_2241,PUT016rad,NEBNext 33,CAGGCG,CGCTGATC
B6,PC_CHN_RST_2018_2259,PUT016rad,NEBNext 33,CAGGCG,ACACAGAA
C6,PC_CHN_RST_2018_2277,PUT016rad,NEBNext 33,CAGGCG,CAACCACA
D6,PC_CHN_RST_2018_2295,PUT016rad,NEBNext 33,CAGGCG,CGCATACA
E6,PC_CHN_RST_2018_2322,PUT016rad,NEBNext 33,CAGGCG,GGAGAACA
F6,PC_CHN_RST_2018_2356,PUT016rad,NEBNext 33,CAGGCG,TGGCTTCA
G6,PC_CHN_RST_2018_2410,PUT016rad,NEBNext 33,CAGGCG,AGCCATGC
H6,PC_CHN_RST_2018_2428,PUT016rad,NEBNext 33,CAGGCG,CGGATTGC
A7,PC_CHN_RST_2018_2437,PUT016rad,NEBNext 33,CAGGCG,CAGATCTG
B7,PC_CHN_RST_2018_2465,PUT016rad,NEBNext 33,CAGGCG,ACAGCAGA
C7,PC_CHN_RST_2018_2474,PUT016rad,NEBNext 33,CAGGCG,CAAGACTA
D7,PC_CHN_RST_2018_2483,PUT016rad,NEBNext 33,CAGGCG,CTCAATGA
E7,PC_CHN_RST_2018_2487,PUT016rad,NEBNext 33,CAGGCG,GGTGCGAA
F7,PC_CHN_RST_2018_2492,PUT016rad,NEBNext 33,CAGGCG,TGGTGGTA